mjd,W1_model_mJy,W2_model_mJy
56573.49712938281,8.072315984025277,5.215414582541472
56575.707794641836,8.072315984025277,5.215414582541472
56577.91845990086,8.072315984025277,5.215414582541472
56580.12912515988,8.072315984025277,5.215414582541472
56582.339790418904,8.072315984025277,5.215414582541472
56584.55045567793,8.072315984025277,5.215414582541472
56586.76112093695,8.072315984025277,5.215414582541472
56588.97178619597,8.072315984025277,5.215414582541472
56591.182451454995,8.072315984025277,5.215414582541472
56593.39311671402,8.072315984025277,5.215414582541472
56595.60378197304,8.072315984025277,5.215414582541472
56597.814447232064,8.072315984025277,5.215414582541472
56600.02511249109,8.072315984025277,5.215414582541472
56602.23577775011,8.072315984025277,5.215414582541472
56604.44644300913,8.072315984025277,5.215414582541472
56606.657108268155,8.072315984025277,5.215414582541472
56608.86777352718,8.072315984025277,5.215414582541472
56611.0784387862,8.072315984025277,5.215414582541472
56613.28910404522,8.072315984025277,5.215414582541472
56615.499769304246,8.072315984025277,5.215414582541472
56617.71043456327,8.072315984025277,5.215414582541472
56619.92109982229,8.072315984025277,5.215414582541472
56622.131765081314,8.072315984025277,5.215414582541472
56624.34243034034,8.072315984025277,5.215414582541472
56626.55309559936,8.072315984025277,5.215414582541472
56628.76376085838,8.072315984025277,5.215414582541472
56630.974426117406,8.072315984025277,5.215414582541472
56633.18509137643,8.072315984025277,5.215414582541472
56635.39575663545,8.072315984025277,5.215414582541472
56637.606421894474,8.072315984025277,5.215414582541472
56639.8170871535,8.072315984025277,5.215414582541472
56642.02775241252,8.072315984025277,5.215414582541472
56644.23841767154,8.072315984025277,5.215414582541472
56646.449082930565,8.072315984025277,5.215414582541472
56648.659748189595,8.072315984025277,5.215414582541472
56650.87041344862,8.072315984025277,5.215414582541472
56653.08107870764,8.072315984025277,5.215414582541472
56655.29174396666,8.072315984025277,5.215414582541472
56657.502409225686,8.072315984025277,5.215414582541472
56659.71307448471,8.072315984025277,5.215414582541472
56661.92373974373,8.072315984025277,5.215414582541472
56664.134405002755,8.072315984025277,5.215414582541472
56666.34507026178,8.072315984025277,5.215414582541472
56668.5557355208,8.072315984025277,5.215414582541472
56670.76640077982,8.072315984025277,5.215414582541472
56672.977066038846,8.072315984025277,5.215414582541472
56675.18773129787,8.072315984025277,5.215414582541472
56677.39839655689,8.072315984025277,5.215414582541472
56679.609061815914,8.072315984025277,5.215414582541472
56681.81972707494,8.072315984025277,5.215414582541472
56684.03039233396,8.072315984025277,5.215414582541472
56686.24105759298,8.072315984025277,5.215414582541472
56688.451722852005,8.072315984025277,5.215414582541472
56690.66238811103,8.072315984025277,5.215414582541472
56692.87305337005,8.072315984025277,5.215414582541472
56695.083718629074,8.072315984025277,5.215414582541472
56697.2943838881,8.072315984025277,5.215414582541472
56699.50504914712,8.072315984025277,5.215414582541472
56701.71571440614,8.072315984025277,5.215414582541472
56703.926379665165,8.072315984025277,5.215414582541472
56706.13704492419,8.072315984025277,5.215414582541472
56708.34771018321,8.072315984025277,5.215414582541472
56710.55837544223,8.072315984025277,5.215414582541472
56712.769040701256,8.072315984025277,5.215414582541472
56714.97970596028,8.072315984025277,5.215414582541472
56717.1903712193,8.072315984025277,5.215414582541472
56719.401036478324,8.072315984025277,5.215414582541472
56721.61170173735,8.072315984025277,5.215414582541472
56723.82236699637,8.072315984025277,5.215414582541472
56726.03303225539,8.072315984025277,5.215414582541472
56728.243697514416,8.072315984025277,5.215414582541472
56730.45436277344,8.072315984025277,5.215414582541472
56732.66502803246,8.072315984025277,5.215414582541472
56734.875693291484,8.072315984025277,5.215414582541472
56737.08635855051,8.072315984025277,5.215414582541472
56739.29702380953,8.072315984025277,5.215414582541472
56741.50768906855,8.072315984025277,5.215414582541472
56743.718354327575,8.072315984025277,5.215414582541472
56745.9290195866,8.072315984025277,5.215414582541472
56748.13968484562,8.072315984025277,5.215414582541472
56750.35035010464,8.072315984025277,5.215414582541472
56752.561015363666,8.072315984025277,5.215414582541472
56754.77168062269,8.072315984025277,5.215414582541472
56756.98234588171,8.072315984025277,5.215414582541472
56759.193011140735,8.072315984025277,5.215414582541472
56761.40367639976,8.072315984025277,5.215414582541472
56763.61434165878,8.072315984025277,5.215414582541472
56765.8250069178,8.072315984025277,5.215414582541472
56768.035672176826,8.072315984025277,5.215414582541472
56770.24633743585,8.072315984025277,5.215414582541472
56772.45700269487,8.072315984025277,5.215414582541472
56774.667667953894,8.072315984025277,5.215414582541472
56776.87833321292,8.072315984025277,5.215414582541472
56779.08899847194,8.072315984025277,5.215414582541472
56781.29966373096,8.072315984025277,5.215414582541472
56783.510328989985,8.072315984025277,5.215414582541472
56785.72099424901,8.072315984025277,5.215414582541472
56787.93165950803,8.072315984025277,5.215414582541472
56790.142324767054,8.072315984025277,5.215414582541472
56792.35299002608,8.072315984025277,5.215414582541472
56794.56365528511,8.072315984025277,5.215414582541472
56796.77432054413,8.072315984025277,5.215414582541472
56798.98498580315,8.072315984025277,5.215414582541472
56801.195651062175,8.072315984025277,5.215414582541472
56803.4063163212,8.072315984025277,5.215414582541472
56805.61698158022,8.072315984025277,5.215414582541472
56807.82764683924,8.072315984025277,5.215414582541472
56810.038312098266,8.072315984025277,5.215414582541472
56812.24897735729,8.072315984025277,5.215414582541472
56814.45964261631,8.072315984025277,5.215414582541472
56816.670307875334,8.072315984025277,5.215414582541472
56818.88097313436,8.072315984025277,5.215414582541472
56821.09163839338,8.072315984025277,5.215414582541472
56823.3023036524,8.072315984025277,5.215414582541472
56825.512968911426,8.072315984025277,5.215414582541472
56827.72363417045,8.072315984025277,5.215414582541472
56829.93429942947,8.072315984025277,5.215414582541472
56832.144964688494,8.072315984025277,5.215414582541472
56834.35562994752,8.072315984025277,5.215414582541472
56836.56629520654,8.072315984025277,5.215414582541472
56838.77696046556,8.072315984025277,5.215414582541472
56840.987625724585,8.072315984025277,5.215414582541472
56843.19829098361,8.072315984025277,5.215414582541472
56845.40895624263,8.072315984025277,5.215414582541472
56847.61962150165,8.072315984025277,5.215414582541472
56849.830286760676,8.072315984025277,5.215414582541472
56852.0409520197,8.072315984025277,5.215414582541472
56854.25161727872,8.072315984025277,5.215414582541472
56856.462282537745,8.072315984025277,5.215414582541472
56858.67294779677,8.072315984025277,5.215414582541472
56860.88361305579,8.072315984025277,5.215414582541472
56863.09427831481,8.072315984025277,5.215414582541472
56865.304943573836,8.072315984025277,5.215414582541472
56867.51560883286,8.072315984025277,5.215414582541472
56869.72627409188,8.072315984025277,5.215414582541472
56871.936939350904,8.072315984025277,5.215414582541472
56874.14760460993,8.072315984025277,5.215414582541472
56876.35826986895,8.072315984025277,5.215414582541472
56878.56893512797,8.072315984025277,5.215414582541472
56880.779600386995,8.072315984025277,5.215414582541472
56882.99026564602,8.072315984025277,5.215414582541472
56885.20093090504,8.072315984025277,5.215414582541472
56887.411596164064,8.072315984025277,5.215414582541472
56889.62226142309,8.072315984025277,5.215414582541472
56891.83292668211,8.072315984025277,5.215414582541472
56894.04359194113,8.072315984025277,5.215414582541472
56896.254257200155,8.072315984025277,5.215414582541472
56898.46492245918,8.072315984025277,5.215414582541472
56900.6755877182,8.072315984025277,5.215414582541472
56902.88625297722,8.072315984025277,5.215414582541472
56905.096918236246,8.072315984025277,5.215414582541472
56907.30758349527,8.072315984025277,5.215414582541472
56909.51824875429,8.072315984025277,5.215414582541472
56911.728914013314,8.072315984025277,5.215414582541472
56913.93957927234,8.072315984025277,5.215414582541472
56916.15024453136,8.072315984025277,5.215414582541472
56918.36090979038,8.072315984025277,5.215414582541472
56920.571575049406,8.072315984025277,5.215414582541472
56922.78224030843,8.072315984025277,5.215414582541472
56924.99290556745,8.072315984025277,5.215414582541472
56927.203570826474,8.072315984025277,5.215414582541472
56929.4142360855,8.072315984025277,5.215414582541472
56931.62490134452,8.072315984025277,5.215414582541472
56933.83556660354,8.072315984025277,5.215414582541472
56936.046231862565,8.072315984025277,5.215414582541472
56938.25689712159,8.072315984025277,5.215414582541472
56940.46756238061,8.072315984025277,5.215414582541472
56942.67822763964,8.072315984025277,5.215414582541472
56944.88889289866,8.072315984025277,5.215414582541472
56947.099558157686,8.072315984025277,5.215414582541472
56949.31022341671,8.072315984025277,5.215414582541472
56951.52088867573,8.072315984025277,5.215414582541472
56953.731553934755,8.072315984025277,5.215414582541472
56955.94221919378,8.072315984025277,5.215414582541472
56958.1528844528,8.072315984025277,5.215414582541472
56960.36354971182,8.072315984025277,5.215414582541472
56962.574214970846,8.072315984025277,5.215414582541472
56964.78488022987,8.072315984025277,5.215414582541472
56966.99554548889,8.072315984025277,5.215414582541472
56969.206210747914,8.072315984025277,5.215414582541472
56971.41687600694,8.07231620904349,5.215414732106891
56973.62754126596,8.072321692552908,5.21541837689356
56975.83820652498,8.072327176062327,5.2154220216802285
56978.048871784005,8.072332659571744,5.215425666466897
56980.25953704303,8.072338143081161,5.215429311253566
56982.47020230205,8.072343626590579,5.215432956040236
56984.680867561074,8.072349110099998,5.215436600826905
56986.8915328201,8.072354593609415,5.215440245613574
56989.10219807912,8.072360077118832,5.215443890400243
56991.31286333814,8.072365560628251,5.215447535186912
56993.523528597165,8.072371044137668,5.215451179973581
56995.73419385619,8.072376527647085,5.21545482476025
56997.94485911521,8.072382011156503,5.215458469546919
57000.15552437423,8.072387494665922,5.2154621143335875
57002.366189633256,8.07311815871276,5.216640372728628
57004.57685489228,8.076523497987102,5.222150945296607
57006.7875201513,8.079928837261447,5.227661517864585
57008.998185410324,8.08333417653579,5.233172090432563
57011.20885066935,8.086739515810132,5.238682663000542
57013.41951592837,8.090144855084477,5.24419323556852
57015.63018118739,8.09355019435882,5.249703808136498
57017.840846446416,8.096955533633164,5.255214380704476
57020.05151170544,8.100360872907507,5.260724953272455
57022.26217696446,8.10376621218185,5.266235525840433
57024.472842223484,8.107171551456194,5.2717460984084115
57026.68350748251,8.110576890730536,5.27725667097639
57028.89417274153,8.113982230004881,5.282767243544368
57031.10483800055,8.117387569279224,5.2882778161123465
57033.315503259575,8.128779365624453,5.305367809412749
57035.5261685186,8.152898649710922,5.340911158702482
57037.73683377762,8.177017933797389,5.3764545079922135
57039.94749903664,8.201137217883856,5.411997857281946
57042.158164295666,8.225256501970325,5.447541206571679
57044.36882955469,8.249375786056792,5.483084555861412
57046.57949481371,8.273495070143259,5.518627905151144
57048.790160072735,8.297614354229728,5.554171254440877
57051.00082533176,8.321733638316195,5.589714603730609
57053.21149059078,8.345852922402663,5.625257953020341
57055.4221558498,8.36997220648913,5.660801302310074
57057.632821108826,8.394091490575597,5.696344651599807
57059.84348636785,8.418210774662066,5.731888000889539
57062.05415162687,8.442330058748533,5.7674313501792716
57064.264816885894,8.48364007255084,5.829987543898978
57066.47548214492,8.538576977146203,5.913956504100495
57068.68614740394,8.593513881741567,5.997925464302012
57070.89681266296,8.64845078633693,6.0818944245035285
57073.107477921985,8.703387690932296,6.1658633847050455
57075.31814318101,8.75832459552766,6.2498323449065625
57077.52880844003,8.813261500123023,6.333801305108079
57079.73947369905,8.868198404718386,6.417770265309596
57081.95013895808,8.92313530931375,6.501739225511113
57084.1608042171,8.978072213909115,6.58570818571263
57086.37146947612,9.033009118504479,6.669677145914147
57088.582134735145,9.087946023099843,6.753646106115664
57090.792799994175,9.142882927695387,6.837615066317456
57093.0034652532,9.197819832290751,6.921584026518973
57095.21413051222,9.26805515399564,7.031216518497698
57097.42479577124,9.343946398902654,7.150336983237789
57099.635461030266,9.419837643809668,7.26945744797788
57101.84612628929,9.49572888871668,7.388577912717972
57104.05679154831,9.571620133623695,7.507698377458063
57106.267456807334,9.647511378530709,7.626818842198153
57108.47812206636,9.723402623437723,7.7459393069382445
57110.68878732538,9.799293868344737,7.865059771678336
57112.8994525844,9.87518511325175,7.9841802364184264
57115.110117843426,9.951076358158764,8.103300701158517
57117.32078310245,10.026967603065778,8.22242116589861
57119.53144836147,10.102858847972792,8.341541630638702
57121.742113620494,10.178750092879806,8.460662095378792
57123.95277887952,10.254641337786818,8.579782560118883
57126.16344413854,10.338435848328455,8.714856792588433
57128.37410939756,10.423085674095315,8.851657589881889
57130.584774656585,10.507735499862175,8.988458387175342
57132.79543991561,10.592385325629035,9.125259184468796
57135.00610517463,10.677035151395897,9.262059981762249
57137.21677043365,10.761684977162757,9.398860779055703
57139.427435692676,10.846334802929617,9.535661576349158
57141.6381009517,10.930984628696477,9.672462373642611
57143.84876621072,11.015634454463337,9.809263170936067
57146.059431469745,11.100284280230197,9.94606396822952
57148.27009672877,11.184934105997057,10.082864765522974
57150.48076198779,11.269583931763918,10.219665562816427
57152.69142724681,11.354233757530778,10.356466360109883
57154.902092505836,11.439019517105995,10.493733107249561
57157.11275776486,11.525491329716878,10.636779256601137
57159.32342302388,11.611963142327763,10.77982540595271
57161.534088282904,11.698434954938646,10.922871555304287
57163.74475354193,11.78490676754953,11.065917704655861
57165.95541880095,11.871378580160412,11.208963854007436
57168.16608405997,11.957850392771295,11.352010003359013
57170.376749318995,12.04432220538218,11.495056152710587
57172.58741457802,12.130794017993063,11.638102302062162
57174.79807983704,12.217265830603946,11.781148451413738
57177.008745096064,12.30373764321483,11.924194600765311
57179.21941035509,12.390209455825712,12.067240750116888
57181.43007561411,12.476681268436597,12.21028689946846
57183.64074087313,12.56315308104748,12.353333048820037
57185.851406132155,12.649325534423255,12.496448758296387
57188.06207139118,12.734584725462822,12.639776676499267
57190.2727366502,12.81984391650239,12.783104594702149
57192.48340190922,12.905103107541956,12.926432512905027
57194.694067168246,12.990362298581523,13.069760431107909
57196.90473242727,13.075621489621092,13.21308834931079
57199.11539768629,13.160880680660657,13.35641626751367
57201.326062945314,13.246139871700226,13.499744185716551
57203.53672820434,13.331399062739791,13.64307210391943
57205.74739346336,13.41665825377936,13.786400022122312
57207.95805872238,13.501917444818927,13.92972794032519
57210.168723981405,13.587176635858494,14.073055858528072
57212.37938924043,13.672435826898061,14.216383776730954
57214.59005449945,13.757695017937628,14.359711694933832
57216.800719758474,13.842017054279214,14.502354021200865
57219.0113850175,13.925040300811997,14.644046195031809
57221.22205027652,14.008063547344783,14.78573836886276
57223.43271553554,14.091086793877565,14.927430542693706
57225.643380794565,14.17411004041035,15.069122716524653
57227.85404605359,14.257133286943134,15.2108148903556
57230.06471131261,14.340156533475916,15.352507064186547
57232.27537657163,14.423179780008702,15.494199238017494
57234.486041830656,14.506203026541485,15.635891411848444
57236.69670708968,14.589226273074269,15.777583585679391
57238.90737234871,14.672249519607327,15.919275759510803
57241.11803760773,14.75527276614011,16.06096793334175
57243.328702866755,14.838296012672894,16.202660107172697
57245.53936812578,14.921319259205678,16.344352281003644
57247.7500333848,15.00306342990581,16.484828486088325
57249.96069864382,15.083923859464987,16.624464552082145
57252.171363902846,15.164784289024166,16.764100618075965
57254.38202916187,15.245644718583343,16.90373668406978
57256.59269442089,15.32650514814252,17.0433727500636
57258.803359679914,15.407365577701698,17.18300881605742
57261.01402493894,15.488226007260876,17.32264488205124
57263.22469019796,15.569086436820054,17.462280948045056
57265.43535545698,15.649946866379231,17.601917014038875
57267.646020716005,15.730807295938408,17.741553080032695
57269.85668597503,15.811667725497587,17.881189146026514
57272.06735123405,15.892528155056764,18.02082521202033
57274.278016493074,15.973388584615943,18.160461278014154
57276.4886817521,16.05424901417512,18.30009734400797
57278.69934701112,16.133755289738986,18.43752447694509
57280.91001227014,16.212842466772074,18.574267964889206
57283.120677529165,16.291929643805155,18.711011452833322
57285.33134278819,16.371016820838243,18.847754940777435
57287.54200804721,16.450103997871324,18.984498428721547
57289.75267330623,16.529191174904412,19.121241916665664
57291.963338565256,16.608278351937493,19.257985404609776
57294.17400382428,16.68736552897058,19.394728892553893
57296.3846690833,16.766452706003662,19.531472380498005
57298.595334342324,16.84553988303675,19.66821586844212
57300.80599960135,16.92462706006983,19.804959356386235
57303.01666486037,17.00371423710292,19.941702844330347
57305.22733011939,17.082801414136,20.078446332274464
57307.437995378416,17.161888591169088,20.21518982021858
57309.64866063744,17.238963866080034,20.34915493093819
57311.85932589646,17.315901385505022,20.48292980541294
57314.069991155484,17.39283890493001,20.61670467988769
57316.28065641451,17.469776424354997,20.75047955436244
57318.49132167353,17.546713943779984,20.88425442883719
57320.70198693255,17.623651463204972,21.018029303311938
57322.912652191575,17.70058898262996,21.151804177786687
57325.1233174506,17.777526502054947,21.285579052261436
57327.33398270962,17.854464021479934,21.419353926736186
57329.54464796864,17.931401540904922,21.553128801210935
57331.755313227666,18.008339060329906,21.686903675685684
57333.96597848669,18.085276579754893,21.82067855016043
57336.17664374571,18.162214099179877,21.95445342463518
57338.387309004735,18.239165584816625,22.088121652206937
57340.59797426376,18.31623220646948,22.220910693657448
57342.80863952278,18.39329882812234,22.353699735107956
57345.0193047818,18.470365449775194,22.486488776558467
57347.229970040826,18.547432071428055,22.619277818008978
57349.44063529985,18.62449869308091,22.75206685945949
57351.65130055887,18.701565314733767,22.88485590091
57353.861965817894,18.778631936386624,23.017644942360512
57356.07263107692,18.85569855803948,23.150433983811023
57358.28329633594,18.93276517969234,23.283223025261535
57360.49396159496,19.009831801345197,23.41601206671205
57362.704626853985,19.086898422998054,23.548801108162557
57364.91529211301,19.16396504465091,23.68159014961307
57367.12595737203,19.24103166630377,23.81437919106358
57369.33662263105,19.318099969070083,23.946746206858617
57371.54728789008,19.395172585247856,24.078030386575364
57373.7579531491,19.472245201425633,24.209314566292107
57375.96861840812,19.54931781760341,24.340598746008855
57378.179283667145,19.626390433781182,24.4718829257256
57380.38994892617,19.703463049958962,24.603167105442342
57382.6006141852,19.780535666136988,24.73445128515952
57384.81127944422,19.857608282314764,24.865735464876266
57387.02194470324,19.93468089849254,24.997019644593014
57389.232609962266,20.011753514670318,25.12830382430976
57391.44327522129,20.08882613084809,25.259588004026504
57393.65394048031,20.16589874702587,25.390872183743248
57395.864605739334,20.242971363203644,25.522156363459995
57398.07527099836,20.32004397938142,25.65344054317674
57400.28593625738,20.397285348069232,25.783969672863925
57402.4966015164,20.47473073034076,25.91358598375877
57404.707266775426,20.552176112612294,26.04320229465361
57406.91793203445,20.62962149488382,26.17281860554845
57409.12859729347,20.707066877155352,26.302434916443293
57411.339262552494,20.784512259426883,26.432051227338132
57413.54992781152,20.86195764169841,26.561667538232975
57415.76059307054,20.939403023969945,26.691283849127814
57417.97125832956,21.016848406241472,26.820900160022656
57420.181923588585,21.094293788513006,26.950516470917496
57422.39258884761,21.171739170784534,27.08013278181234
57424.60325410663,21.249184553056065,27.20974909270718
57426.81391936565,21.326629935327595,27.33936540360202
57429.024584624676,21.404075317599123,27.46898171449686
57431.2352498837,21.480748734327218,27.596041496586526
57433.44591514272,21.556958903524126,27.721567135517255
57435.656580401745,21.63316907272104,27.847092774447987
57437.86724566077,21.709379241917944,27.972618413378715
57440.07791091979,21.785589411114856,28.09814405230945
57442.28857617881,21.861799580311764,28.22366969124018
57444.499241437836,21.938009749508673,28.34919533017091
57446.70990669686,22.014219918705585,28.47472096910164
57448.92057195588,22.09043008790249,28.60024660803237
57451.131237214904,22.166640257099402,28.7257722469631
57453.34190247393,22.24285042629631,28.851297885893835
57455.55256773295,22.31906059549322,28.976823524824564
57457.76323299197,22.39527076469013,29.102349163755296
57459.973898250995,22.471480933887037,29.227874802686024
57462.18456351002,22.545800989345945,29.350132445651756
57464.39522876904,22.619640299841148,29.471558883293707
57466.60589402806,22.693479610336347,29.592985320935654
57468.81655928709,22.767318920831553,29.7144117585776
57471.02722454611,22.84115823132675,29.835838196219548
57473.23788980513,22.914997541821954,29.9572646338615
57475.448555064155,22.988836852317156,30.07869107150345
57477.65922032318,23.06267616281236,30.200117509145397
57479.8698855822,23.13651547330756,30.321543946787344
57482.08055084122,23.210354783802764,30.44297038442929
57484.291216100246,23.284194094297966,30.56439682207124
57486.50188135927,23.35803340479317,30.685823259713192
57488.71254661829,23.43187271528837,30.80724969735514
57490.923211877314,23.505712025783573,30.928676134997087
57493.13387713634,23.576873316024503,31.044736295197563
57495.34454239536,23.647950327118366,31.16062757494054
57497.55520765438,23.71902733821222,31.27651885468352
57499.765872913405,23.790104349306084,31.392410134426502
57501.97653817243,23.861181360399943,31.50830141416948
57504.18720343145,23.932258371493802,31.624192693912462
57506.397868690474,24.003335382587665,31.74008397365544
57508.6085339495,24.07441239368152,31.855975253398423
57510.81919920852,24.145489404775383,31.9718665331414
57513.02986446754,24.216566415869238,32.087757812884384
57515.240529726565,24.2876434269631,32.203649092627366
57517.45119498559,24.358720438056963,32.31954037237034
57519.66186024461,24.42979744915082,32.43543165211332
57521.87252550363,24.50016263595568,32.550121506397296
57524.083190762656,24.566218012058922,32.65753721117495
57526.29385602168,24.63227338816217,32.76495291595259
57528.5045212807,24.698328764265412,32.87236862073024
57530.71518653973,24.764384140368872,32.97978432550824
57532.925851798755,24.83043951647212,33.08720003028589
57535.13651705778,24.89649489257536,33.194615735063536
57537.3471823168,24.962550268678605,33.30203143984119
57539.55784757582,25.028605644781848,33.40944714461883
57541.768512834846,25.09466102088509,33.51686284939648
57543.97917809387,25.160716396988338,33.624278554174126
57546.18984335289,25.22677177309158,33.73169425895178
57548.400508611914,25.292827149194824,33.83910996372942
57550.61117387094,25.35888252529807,33.94652566850707
57552.82183912996,25.4235834995088,34.05191331880228
57555.03250438898,25.48532567926596,34.15287052907274
57557.243169648005,25.54706785902312,34.25382773934321
57559.45383490703,25.60881003878028,34.354784949613666
57561.66450016605,25.67055221853744,34.45574215988413
57563.875165425074,25.7322943982946,34.5566993701546
57566.0858306841,25.794036578051756,34.657656580425055
57568.29649594312,25.855778757808917,34.75861379069553
57570.50716120214,25.917520937566074,34.859571000965985
57572.717826461165,25.979263117323235,34.96052821123645
57574.92849172019,26.041005297080396,35.061485421506916
57577.13915697921,26.102747476837553,35.162442631777374
57579.34982223823,26.164489656594714,35.26339984204784
57581.560487497256,26.226231836351875,35.364357052318304
57583.77115275628,26.285920535612405,35.46231572864423
57585.9818180153,26.343439840742082,35.55710661158175
57588.192483274324,26.400959145871763,35.65189749451927
57590.40314853335,26.45847845100144,35.746688377456785
57592.61381379237,26.51599775613112,35.84147926039431
57594.82447905139,26.573517061260798,35.93627014333183
57597.035144310415,26.63103636639048,36.03106102626935
57599.24580956944,26.68855567152016,36.12585190920687
57601.45647482846,26.746074976649837,36.22064279214439
57603.667140087484,26.803594281779517,36.315433675081906
57605.87780534651,26.861113586909195,36.41022455801943
57608.08847060553,26.91863289203888,36.50501544095695
57610.29913586455,26.976152197168556,36.59980632389447
57612.509801123575,27.033671502298237,36.694597206831986
57614.7204663826,27.087895594951178,36.78457525825368
57616.93113164162,27.140411065934195,36.87205777766348
57619.14179690064,27.19292653691721,36.95954029707328
57621.352462159666,27.245442007900227,37.047022816483086
57623.56312741869,27.29795747888324,37.13450533589288
57625.77379267771,27.35047294986626,37.221987855302686
57627.984457936735,27.402988420849272,37.30947037471248
57630.19512319576,27.45550389183229,37.396952894122286
57632.40578845478,27.508019362815308,37.48443541353209
57634.6164537138,27.56053483379832,37.571917932941886
57636.827118972826,27.61305030478134,37.65940045235169
57639.03778423185,27.665565775764353,37.74688297176149
57641.24844949087,27.71808124674737,37.8343654911713
57643.459114749894,27.770596717730385,37.921848010581094
57645.66978000892,27.81560396114916,37.99764850225893
57647.88044526794,27.859082080222194,38.07106983416042
57650.09111052696,27.902560199295227,38.14449116606189
57652.301775785985,27.94603831836826,38.217912497963376
57654.51244104501,27.989516437441292,38.291333829864854
57656.72310630403,28.032994556514325,38.36475516176634
57658.93377156305,28.076472675587357,38.43817649366782
57661.14443682208,28.119950794660394,38.5115978255693
57663.3551020811,28.163428913733426,38.58501915747078
57665.56576734012,28.20690703280646,38.65844048937225
57667.776432599145,28.25038515187949,38.73186182127374
57669.98709785817,28.29386327095252,38.80528315317522
57672.19776311719,28.337341390025554,38.878704485076696
57674.40842837621,28.380784561030637,38.9520794387328
57676.619093635236,28.412847399120416,39.010351987496044
57678.829758894266,28.4449102372103,39.06862453625947
57681.04042415329,28.476973075300084,39.126897085022705
57683.25108941231,28.509035913389866,39.18516963378595
57685.461754671334,28.541098751479645,39.24344218254919
57687.67241993036,28.573161589569427,39.30171473131242
57689.88308518938,28.60522442765921,39.359987280075664
57692.0937504484,28.637287265748988,39.418259828838906
57694.304415707426,28.669350103838767,39.47653237760214
57696.51508096645,28.70141294192855,39.53480492636538
57698.72574622547,28.733475780018328,39.59307747512862
57700.936411484494,28.76553861810811,39.65135002389186
57703.14707674352,28.79760145619789,39.7096225726551
57705.35774200254,28.827128220754645,39.76446943474473
57707.56840726156,28.84472595148918,39.80320275294
57709.779072520585,28.862323682223717,39.84193607113527
57711.98973777961,28.87992141295825,39.88066938933054
57714.20040303863,28.897519143692787,39.91940270752582
57716.41106829765,28.915116874427323,39.95813602572109
57718.621733556676,28.932714605161856,39.99686934391636
57720.8323988157,28.950312335896392,40.03560266211163
57723.04306407472,28.967910066630925,40.074335980306905
57725.253729333745,28.98550779736546,40.11306929850217
57727.46439459277,29.003105528099997,40.151802616697445
57729.67505985179,29.02070325883453,40.190535934892715
57731.88572511081,29.038300989569066,40.22926925308799
57734.096390369836,29.055898720303603,40.268002571283255
57736.30705562886,29.068372921883356,40.30048050619269
57738.51772088788,29.071230311562363,40.32121715055618
57740.728386146904,29.07408770124137,40.34195379491967
57742.93905140593,29.076945090920383,40.36269043928316
57745.14971666495,29.07980248059939,40.383427083646644
57747.36038192397,29.082659870278402,40.40416372801013
57749.571047182995,29.08551725995741,40.42490037237362
57751.78171244202,29.08837464963642,40.44563701673711
57753.99237770104,29.09123203931543,40.4663736611006
57756.20304296006,29.094089428994437,40.487110305464086
57758.41370821909,29.096946818673445,40.507846949827574
57760.62437347811,29.099804208352456,40.52858359419106
57762.83503873713,29.102661598031464,40.54932023855454
57765.045703996155,29.105518987710475,40.57005688291804
57767.25636925518,29.102294963524706,40.583712667851394
57769.4670345142,29.09345389633637,40.590828280910486
57771.67769977322,29.084612829148035,40.597943893969585
57773.888365032246,29.0757717619597,40.605059507028685
57776.09903029127,29.066930694771365,40.61217512008778
57778.30969555029,29.058089627583033,40.619290733146876
57780.520360809314,29.049248560394698,40.62640634620597
57782.73102606834,29.04040749320636,40.63352195926507
57784.94169132736,29.031566426018028,40.64063757232416
57787.15235658638,29.022725358829693,40.64775318538325
57789.363021845405,29.013884291641357,40.65486879844235
57791.57368710443,29.005043224453022,40.66198441150145
57793.78435236345,28.996202157264687,40.66910002456054
57795.995017622474,28.98736109007635,40.67621563761964
57798.2056828815,28.971490767455784,40.674801260072435
57800.41634814052,28.952493424229992,40.66959224785226
57802.62701339954,28.9334960810042,40.664383235632094
57804.837678658565,28.914498737778413,40.659174223411924
57807.04834391759,28.89550139455262,40.65396521119175
57809.25900917661,28.87650405132683,40.648756198971576
57811.46967443563,28.85750670810104,40.64354718675141
57813.680339694656,28.83850936487525,40.63833817453124
57815.89100495368,28.81951202164946,40.633129162311064
57818.1016702127,28.800514678423667,40.6279201500909
57820.312335471725,28.78151733519788,40.62271113787073
57822.52300073075,28.762519991972088,40.61750212565055
57824.73366598977,28.743522648746296,40.61229311343038
57826.9443312488,28.72452530552044,40.6070841012102
57829.15499650782,28.696991556975256,40.590351039550036
57831.365661766846,28.668118361766552,40.571809740230684
57833.57632702587,28.63924516655785,40.55326844091133
57835.78699228489,28.61037197134915,40.534727141591986
57837.997657543914,28.581498776140446,40.516185842272634
57840.20832280294,28.552625580931743,40.49764454295328
57842.41898806196,28.52375238572304,40.47910324363393
57844.62965332098,28.494879190514336,40.46056194431458
57846.840318580005,28.466005995305636,40.442020644995225
57849.05098383903,28.437132800096933,40.42347934567588
57851.26164909805,28.40825960488823,40.40493804635652
57853.47231435707,28.37938640967953,40.38639674703717
57855.6829796161,28.350513214470823,40.367855447717815
57857.89364487512,28.321331254769618,40.348849269489854
57860.10431013414,28.284029594226617,40.31761798844975
57862.314975393165,28.246727933683616,40.28638670740963
57864.52564065219,28.209426273140615,40.25515542636953
57866.73630591121,28.172124612597614,40.22392414532942
57868.94697117023,28.134822952054613,40.192692864289306
57871.157636429256,28.09752129151161,40.1614615832492
57873.36830168828,28.06021963096861,40.130230302209085
57875.5789669473,28.02291797042561,40.09899902116897
57877.789632206324,27.985616309882605,40.06776774012886
57880.00029746535,27.948314649339608,40.03653645908875
57882.21096272437,27.911012988796607,40.00530517804864
57884.42162798339,27.873711328253602,39.97407389700853
57886.632293242415,27.8364096677106,39.94284261596842
57888.84295850144,27.797540087555962,39.90912115119183
57891.05362376046,27.7527326678545,39.86596915735014
57893.264289019484,27.70792524815304,39.82281716350846
57895.47495427851,27.663117828451583,39.779665169666785
57897.68561953753,27.61831040875012,39.7365131758251
57899.89628479655,27.57350298904866,39.69336118198342
57902.106950055575,27.528695569347203,39.65020918814174
57904.3176153146,27.48388814964574,39.607057194300054
57906.52828057362,27.439080729944283,39.56390520045837
57908.73894583264,27.394273310242824,39.52075320661669
57910.949611091666,27.34946589054136,39.477601212775006
57913.16027635069,27.304658470839904,39.43444921893333
57915.37094160971,27.259851051138444,39.39129722509165
57917.581606868735,27.215043631436984,39.34814523124996
57919.79227212776,27.16799406035437,39.30155020489102
57922.00293738678,27.117304161292896,39.24936511547476
57924.2136026458,27.066614262231422,39.197180026058504
57926.424267904826,27.015924363169947,39.14499493664224
57928.63493316385,26.965234464108473,39.09280984722598
57930.84559842287,26.914544565047,39.040624757809724
57933.056263681894,26.863854665985524,38.98843966839346
57935.26692894092,26.81316476692405,38.9362545789772
57937.47759419994,26.762474867862576,38.88406948956094
57939.68825945896,26.711784968801105,38.83188440014468
57941.898924717985,26.661095069739634,38.77969931072842
57944.10958997701,26.61040517067816,38.72751422131216
57946.32025523603,26.559715271616685,38.6753291318959
57948.53092049505,26.50902537255521,38.62314404247964
57950.74158575408,26.456819823925155,38.569335717907364
57952.9522510131,26.403391225846313,38.51421752797837
57955.16291627212,26.34996262776747,38.45909933804937
57957.373581531145,26.29653402968863,38.40398114812037
57959.58424679017,26.243105431609788,38.348862958191376
57961.79491204919,26.189676833530942,38.29374476826238
57964.00557730821,26.1362482354521,38.23862657833338
57966.216242567236,26.08281963737326,38.18350838840438
57968.42690782626,26.029391039294417,38.12839019847538
57970.63757308529,25.975962441215398,38.073272008546205
57972.848238344304,25.92253384313673,38.01815381861739
57975.058903603334,25.869105245057714,37.96303562868821
57977.26956886236,25.815676646978872,37.90791743875921
57979.48023412138,25.762248048900027,37.85279924883021
57981.6908993804,25.707377101842923,37.79447515428478
57983.901564639425,25.651960925358345,37.73493917997594
57986.11222989845,25.59654474887377,37.6754032056671
57988.32289515747,25.541128572389194,37.615867231358266
57990.533560416494,25.485712395904617,37.55633125704942
57992.74422567552,25.430296219420043,37.496795282740585
57994.95489093454,25.374880042935466,37.43725930843174
57997.16555619356,25.319463866450892,37.3777233341229
57999.376221452585,25.26404768996632,37.31818735981406
58001.58688671161,25.20863151348174,37.258651385505225
58003.79755197063,25.153215336997164,37.19911541119638
58006.00821722965,25.09779916051259,37.139579436887544
58008.218882488676,25.042382984028013,37.0800434625787
58010.4295477477,24.986966807543435,37.02050748826986
58012.64021300672,24.92932761753871,36.95600546747143
58014.850878265745,24.871435769268608,36.89093902694255
58017.06154352477,24.8135439209985,36.82587258641366
58019.27220878379,24.755652072728402,36.76080614588478
58021.48287404281,24.697760224458296,36.69573970535589
58023.693539301836,24.639868376188197,36.63067326482701
58025.90420456086,24.58197652791809,36.56560682429813
58028.11486981988,24.524084679647988,36.50054038376924
58030.325535078904,24.466192831377885,36.43547394324036
58032.53620033793,24.408300983107782,36.37040750271147
58034.74686559695,24.350409134837683,36.30534106218259
58036.95753085597,24.292517286567577,36.24027462165371
58039.168196114995,24.234625438297474,36.17520818112482
58041.37886137402,24.17663806390026,36.10986193169076
58043.58952663304,24.117385552293936,36.040809924804826
58045.80019189206,24.058133040687615,35.97175791791889
58048.01085715109,23.99888052908129,35.90270591103296
58050.22152241011,23.93962801747497,35.83365390414703
58052.43218766913,23.88037550586865,35.764601897261095
58054.642852928155,23.82112299426232,35.69554989037516
58056.85351818718,23.761870482656,35.62649788348923
58059.0641834462,23.702617971049676,35.557445876603296
58061.27484870522,23.643365459443352,35.48839386971736
58063.485513964246,23.58411294783703,35.41934186283143
58065.69617922327,23.524860436230707,35.3502898559455
58067.90684448229,23.465607924624386,35.281237849059565
58070.117509741314,23.406355413018062,35.21218584217363
58072.32817500034,23.346948958424726,35.14248661662577
58074.53884025936,23.28706154544473,35.07076530972498
58076.74950551838,23.22717413246474,34.99904400282419
58078.960170777405,23.16728671948475,34.92732269592341
58081.17083603643,23.107399306504753,34.85560138902262
58083.38150129545,23.047511893524764,34.78388008212183
58085.592166554474,22.987624480544774,34.71215877522105
58087.8028318135,22.92773706756478,34.64043746832026
58090.01349707252,22.867849654584788,34.568716161419474
58092.22416233154,22.8079622416048,34.49699485451869
58094.434827590565,22.748074828624805,34.425273547617905
58096.64549284959,22.688187415644812,34.353552240717114
58098.85615810861,22.628300002664822,34.28183093381632
58101.06682336763,22.56841258968483,34.21010962691554
58103.277488626656,22.5082186949478,34.13697083591675
58105.48815388568,22.44759229014282,34.061831677426326
58107.6988191447,22.386965885337837,33.98669251893591
58109.909484403724,22.32633948053285,33.91155336044549
58112.12014966275,22.26571307572787,33.836414201955066
58114.33081492177,22.20508667092289,33.76127504346464
58116.54148018079,22.144460266117903,33.68613588497423
58118.75214543982,22.083833861312726,33.610996726483556
58120.96281069884,22.02320745650794,33.53585756799339
58123.17347595787,21.962581051702756,33.46071840950272
58125.38414121689,21.901954646897774,33.3855792510123
58127.594806475914,21.841328242092793,33.31044009252188
58129.80547173494,21.78070183728781,33.23530093403146
58132.01613699396,21.72007543248283,33.16016177554104
58134.22680225298,21.65938552670925,33.08331193579125
58136.437467512005,21.59865094152797,33.00525845730755
58138.64813277103,21.53791635634669,32.92720497882384
58140.85879803005,21.477181771165412,32.84915150034013
58143.06946328907,21.416447185984126,32.771098021856425
58145.2801285481,21.355712600802846,32.693044543372714
58147.49079380712,21.294978015621567,32.614991064889004
58149.70145906614,21.234243430440287,32.5369375864053
58151.912124325165,21.173508845259004,32.45888410792159
58154.12278958419,21.112774260077725,32.38083062943789
58156.33345484321,21.052039674896445,32.30277715095418
58158.54412010223,20.991305089715162,32.22472367247047
58160.754785361256,20.930570504533883,32.146670193986765
58162.96545062028,20.869835919352603,32.068616715503055
58165.1761158793,20.81002675979832,31.990603304846385
58167.386781138324,20.750511037014526,31.912602599018097
58169.59744639735,20.69099531423074,31.834601893189806
58171.80811165637,20.631479591446947,31.756601187361515
58174.01877691539,20.571963868663158,31.678600481533223
58176.229442174415,20.512448145879368,31.600599775704932
58178.44010743344,20.452932423095575,31.522599069876645
58180.65077269246,20.393416700311786,31.444598364048353
58182.861437951484,20.333900977527996,31.366597658220062
58185.07210321051,20.274385254744207,31.288596952391774
58187.28276846953,20.214869531960417,31.21059624656348
58189.49343372855,20.155353809176624,31.132595540735192
58191.704098987575,20.09583808639284,31.0545948349069
58193.9147642466,20.036322363609045,30.97659412907861
58196.12542950562,19.97852327330473,30.899536580726306
58198.33609476464,19.920850388717078,30.822548372705494
58200.546760023666,19.863177504129432,30.745560164684687
58202.75742528269,19.805504619541782,30.668571956663882
58204.96809054171,19.747831734954133,30.59158374864307
58207.178755800735,19.690158850366487,30.514595540622263
58209.38942105976,19.632485965778837,30.43760733260146
58211.60008631878,19.574813081191188,30.360619124580648
58213.8107515778,19.517140196603542,30.28363091655984
58216.021416836826,19.45946731201589,30.20664270853903
58218.23208209585,19.401794427428243,30.129654500518225
58220.44274735487,19.344121542840593,30.052666292497417
58222.653412613894,19.286448658252944,29.975678084476606
58224.86407787292,19.22887492986595,29.89858010491998
58227.07474313194,19.17215751372789,29.82053413915481
58229.28540839096,19.115440097589833,29.74248817338964
58231.496073649985,19.058722681451773,29.66444220762447
58233.70673890901,19.002005265313713,29.586396241859305
58235.91740416803,18.945287849175656,29.508350276094134
58238.12806942705,18.888570433037597,29.430304310328967
58240.338734686076,18.831853016899537,29.352258344563797
58242.5493999451,18.77513560076148,29.274212378798627
58244.76006520412,18.71841818462342,29.19616641303346
58246.970730463145,18.66170076848536,29.118120447268293
58249.18139572217,18.604983352347304,29.040074481503122
58251.39206098119,18.548265936209244,28.962028515737956
58253.60272624021,18.491548520071184,28.883982549972785
58255.813391499236,18.435429138876128,28.80675497800889
58258.02405675826,18.380878205320236,28.73167378200602
58260.23472201728,18.32632727176434,28.656592586003153
58262.445387276304,18.271776338208454,28.581511390000284
58264.65605253533,18.217225404652563,28.506430193997414
58266.86671779436,18.16267447109649,28.4313489979943
58269.07738305338,18.1081235375406,28.356267801991432
58271.2880483124,18.053572603984705,28.281186605988562
58273.498713571425,17.999021670428814,28.206105409985696
58275.70937883045,17.944470736872923,28.131024213982826
58277.92004408947,17.88991980331703,28.05594301797996
58280.130709348494,17.83536886976114,27.98086182197709
58282.34137460752,17.78081793620525,27.90578062597422
58284.55203986654,17.726267002649358,27.830699429971354
58286.76270512556,17.673675475866833,27.758085019042575
58288.973370384585,17.62349527586197,27.688506335551676
58291.18403564361,17.573315075857103,27.61892765206078
58293.39470090263,17.52313487585224,27.549348968569884
58295.60536616165,17.472954675847376,27.479770285078988
58297.816031420676,17.422774475842512,27.410191601588092
58300.0266966797,17.37259427583765,27.340612918097193
58302.23736193872,17.322414075832786,27.271034234606297
58304.448027197745,17.272233875827922,27.2014555511154
58306.65869245677,17.222053675823055,27.131876867624506
58308.86935771579,17.171873475818195,27.06229818413361
58311.08002297481,17.12169327581333,26.99271950064271
58313.290688233836,17.071513075808465,26.923140817151815
58315.50135349286,17.0213328758036,26.85356213366092
58317.71201875188,16.973504060225977,26.785861097011622
58319.922684010904,16.92711297140288,26.71930812576092
58322.13334926993,16.880721882579785,26.65275515451022
58324.34401452895,16.834330793756685,26.586202183259516
58326.55467978797,16.78793970493359,26.51964921200882
58328.765345046995,16.741548616110492,26.453096240758114
58330.97601030602,16.695157527287392,26.386543269507417
58333.18667556504,16.648766438464296,26.319990298256716
58335.39734082406,16.6023753496412,26.253437327006015
58337.60800608309,16.5559842608181,26.186884355755314
58339.81867134211,16.509593171995004,26.120331384504613
58342.02933660113,16.463202083171907,26.053778413253912
58344.240001860155,16.416810994348808,25.98722544200321
58346.45066711918,16.37041990552571,25.92067247075251
58348.6613323782,16.327265867755152,25.858279546743866
58350.87199763722,16.284957708508273,25.79697369073706
58353.082662896246,16.242649549261394,25.735667834730258
58355.29332815527,16.200341390014515,25.674361978723454
58357.50399341429,16.15803323076764,25.61305612271665
58359.714658673314,16.11572507152076,25.551750266709846
58361.92532393234,16.07341691227388,25.490444410703045
58364.13598919136,16.031108753027002,25.42913855469624
58366.34665445038,15.988800593780123,25.367832698689433
58368.557319709405,15.946492434533244,25.306526842682633
58370.76798496843,15.904184275286365,25.24522098667583
58372.97865022745,15.861876116039486,25.183915130669025
58375.189315486474,15.819567956792607,25.122609274662224
58377.3999807455,15.777259797545728,25.061303418655417
58379.61064600452,15.739376565518295,25.005738417178296
58381.82131126354,15.701653406894334,24.95038109326915
58384.031976522565,15.663930248270372,24.89502376936001
58386.24264178159,15.62620708964641,24.839666445450863
58388.45330704061,15.58848393102245,24.784309121541718
58390.66397229963,15.550760772398487,24.728951797632572
58392.874637558656,15.513037613774527,24.673594473723426
58395.08530281768,15.475314455150565,24.61823714981428
58397.2959680767,15.437591296526604,24.56287982590514
58399.506633335724,15.399868137902642,24.507522501995993
58401.71729859475,15.362144979278682,24.452165178086847
58403.92796385377,15.324421820654718,24.396807854177702
58406.13862911279,15.286698662030759,24.341450530268556
58408.349294371816,15.249538603684938,24.286802893322236
58410.55995963084,15.215915204281828,24.2366125810142
58412.77062488986,15.18229180487872,24.18642226870616
58414.98129014889,15.1486684054755,24.136231956397957
58417.191955407914,15.115045006072389,24.086041644089917
58419.40262066694,15.08142160666928,24.03585133178188
58421.61328592596,15.047798207266172,23.985661019473845
58423.82395118498,15.01417480786306,23.93547070716581
58426.034616444005,14.980551408459952,23.885280394857773
58428.24528170303,14.946928009056844,23.835090082549733
58430.45594696205,14.913304609653732,23.784899770241697
58432.66661222107,14.879681210250624,23.734709457933658
58434.8772774801,14.846057810847515,23.68451914562562
58437.08794273912,14.812434411444405,23.634328833317582
58439.29860799814,14.779977819990062,23.58557919662522
58441.509273257165,14.750123038901243,23.540042054974705
58443.71993851619,14.720268257812425,23.494504913324192
58445.93060377521,14.690413476723606,23.44896777167368
58448.14126903423,14.660558695634785,23.403430630023166
58450.351934293256,14.630703914545965,23.357893488372653
58452.56259955228,14.600849133457146,23.312356346722144
58454.7732648113,14.570994352368327,23.26681920507163
58456.983930070324,14.541139571279508,23.221282063421118
58459.19459532935,14.511284790190688,23.175744921770605
58461.40526058837,14.481430009101867,23.13020778012009
58463.61592584739,14.451575228013049,23.084670638469575
58465.826591106415,14.42172044692423,23.039133496819062
58468.03725636544,14.391865665835411,22.993596355168552
58470.24792162446,14.36325403668776,22.948997676790786
58472.458586883484,14.335979085518261,22.90540806508334
58474.66925214251,14.308704134348764,22.861818453375896
58476.87991740153,14.281429183179265,22.818228841668454
58479.09058266055,14.254154232009768,22.774639229961007
58481.301247919575,14.226879280840269,22.731049618253564
58483.5119131786,14.19960432967077,22.687460006546118
58485.72257843762,14.17232937850127,22.643870394838675
58487.93324369664,14.145054427331774,22.600280783131232
58490.143908955666,14.117779476162275,22.556691171423786
58492.35457421469,14.090504524992777,22.513101559716343
58494.56523947371,14.063229573823278,22.4695119480089
58496.775904732734,14.03595462265378,22.425922336301454
58498.98656999176,14.00867967148428,22.38233272459401
58501.19723525078,13.982519975144161,22.339289303042392
58503.4079005098,13.956949953069849,22.29653467134458
58505.618565768826,13.931379930995538,22.25378003964677
58507.82923102785,13.905809908921228,22.21102540794896
58510.03989628687,13.880239886846915,22.16827077625115
58512.250561545894,13.854669864772605,22.125516144553337
58514.46122680492,13.829099842698295,22.082761512855527
58516.67189206394,13.803529820623984,22.040006881157716
58518.88255732296,13.777959798549674,21.997252249459905
58521.093222581985,13.752389776475361,21.954497617762097
58523.30388784101,13.72681975440105,21.911742986064286
58525.51455310003,13.70124973232674,21.868988354366476
58527.72521835905,13.675679710252428,21.826233722668665
58529.935883618076,13.65010968817812,21.783479090970854
58532.1465488771,13.625845236610914,21.741706125993083
58534.35721413612,13.601855047887964,21.700139380982208
58536.567879395145,13.577864859165016,21.658572635971332
58538.77854465417,13.553874670442067,21.617005890960456
58540.98920991319,13.529884481719119,21.575439145949577
58543.19987517221,13.50589429299617,21.5338724009387
58545.410540431236,13.48190410427322,21.492305655927826
58547.62120569026,13.457913915550272,21.450738910916947
58549.83187094928,13.433923726827324,21.40917216590607
58552.042536208304,13.409933538104372,21.367605420895195
58554.25320146733,13.385943349381424,21.326038675884316
58556.46386672635,13.361953160658476,21.28447193087344
58558.67453198537,13.337962971935525,21.24290518586256
58560.885197244395,13.313972783212577,21.201338440851686
58563.095862503425,13.292620992551722,21.1643326828804
58565.30652776245,13.271272743108755,21.127333046596785
58567.51719302147,13.249924493665787,21.09033341031317
58569.727858280494,13.22857624422282,21.05333377402956
58571.93852353952,13.207227994779853,21.016334137745947
58574.14918879854,13.185879745336887,20.979334501462333
58576.35985405756,13.16453149589392,20.94233486517872
58578.570519316585,13.143183246450953,20.905335228895108
58580.78118457561,13.121834997007987,20.868335592611494
58582.99184983463,13.100486747565018,20.83133595632788
58585.20251509365,13.079138498122052,20.794336320044266
58587.413180352676,13.057790248679085,20.757336683760652
58589.6238456117,13.03644199923612,20.72033704747704
58591.83451087072,13.015720065438558,20.6843952552713
58594.045176129745,12.998036160238057,20.653584678585045
58596.25584138877,12.980352255037555,20.62277410189879
58598.46650664779,12.962668349837054,20.591963525212538
58600.67717190681,12.944984444636553,20.561152948526285
58602.887837165836,12.927300539436052,20.53034237184003
58605.09850242486,12.909616634235551,20.49953179515378
58607.30916768388,12.89193272903505,20.468721218467525
58609.519832942904,12.874248823834549,20.43791064178127
58611.73049820193,12.856564918634048,20.407100065095015
58613.94116346095,12.838881013433546,20.376289488408762
58616.15182871997,12.821197108233045,20.34547891172251
58618.362493978995,12.803513203032544,20.314668335036256
58620.57315923802,12.785829297832043,20.283857758350003
58622.78382449704,12.76887900108796,20.253779958937088
58624.99448975606,12.753332751683214,20.225104616068887
58627.205155015086,12.737786502278468,20.19642927320069
58629.41582027411,12.722240252873721,20.167753930332488
58631.62648553313,12.706694003468975,20.139078587464287
58633.837150792155,12.691147754064229,20.110403244596085
58636.04781605118,12.675601504659483,20.081727901727888
58638.2584813102,12.660055255254736,20.053052558859687
58640.46914656922,12.64450900584999,20.02437721599149
58642.679811828246,12.628962756445244,19.995701873123288
58644.89047708727,12.613416507040498,19.967026530255087
58647.10114234629,12.597870257635751,19.938351187386885
58649.311807605314,12.582324008231005,19.909675844518688
58651.52247286434,12.566777758826259,19.881000501650487
58653.73313812336,12.551475815598096,19.851799570356363
58655.94380338238,12.536403536996538,19.822104549754805
58658.154468641405,12.521331258394982,19.79240952915325
58660.36513390043,12.506258979793424,19.762714508551696
58662.57579915945,12.491186701191868,19.733019487950138
58664.786464418474,12.47611442259031,19.70332446734858
58666.9971296775,12.461042143988754,19.673629446747025
58669.20779493652,12.445969865387198,19.643934426145467
58671.41846019554,12.43089758678564,19.61423940554391
58673.629125454565,12.415825308184083,19.584544384942355
58675.83979071359,12.400753029582525,19.554849364340797
58678.05045597261,12.38568075098097,19.525154343739242
58680.26112123163,12.370608472379413,19.495459323137688
58682.471786490656,12.355536193777855,19.46576430253613
58684.68245174968,12.340927188063377,19.436379879361986
58686.8931170087,12.326528557489537,19.407136500439076
58689.103782267724,12.312129926915699,19.377893121516166
58691.31444752675,12.297731296341858,19.348649742593256
58693.52511278577,12.283332665768018,19.319406363670346
58695.73577804479,12.268934035194178,19.290162984747436
58697.946443303816,12.254535404620338,19.260919605824526
58700.15710856284,12.240136774046498,19.231676226901616
58702.36777382186,12.225738143472658,19.202432847978706
58704.578439080884,12.211339512898817,19.173189469055796
58706.789104339914,12.196940882324931,19.14394609013279
58708.99976959893,12.182542251751139,19.114702711209976
58711.21043485796,12.168143621177252,19.08545933228697
58713.42110011698,12.15374499060341,19.05621595336406
58715.631765376005,12.140799941131466,19.02927679943392
58717.84243063503,12.128091580829132,19.00271284651556
58720.05309589405,12.115383220526795,18.976148893597202
58722.26376115307,12.102674860224461,18.94958494067884
58724.4744264121,12.089966499922124,18.92302098776048
58726.68509167112,12.077258139619788,18.896457034842122
58728.89575693014,12.064549779317453,18.86989308192376
58731.106422189165,12.051841419015117,18.8433291290054
58733.31708744819,12.039133058712782,18.81676517608704
58735.52775270721,12.026424698410445,18.79020122316868
58737.73841796623,12.013716338108111,18.76363727025032
58739.949083225256,12.001007977805774,18.737073317331962
58742.15974848428,11.988299617503438,18.7105093644136
58744.3704137433,11.975634917624085,18.683997800613227
58746.581079002324,11.964281140284978,18.659059242087196
58748.79174426135,11.952927362945873,18.634120683561168
58751.00240952037,11.941573585606767,18.60918212503514
58753.21307477939,11.93021980826766,18.584243566509112
58755.423740038415,11.918866030928553,18.55930500798308
58757.63440529744,11.907512253589449,18.534366449457053
58759.84507055646,11.896158476250342,18.509427890931025
58762.055735815484,11.884804698911235,18.484489332404998
58764.26640107451,11.873450921572129,18.45955077387897
58766.47706633353,11.862097144233022,18.434612215352942
58768.68773159255,11.850743366893916,18.40967365682691
58770.898396851575,11.839389589554811,18.384735098300883
58773.1090621106,11.828035812215704,18.359796539774855
58775.31972736962,11.816866164773998,18.335197925043154
58777.53039262864,11.80641280614378,18.311921735077057
58779.741057887666,11.795959447513559,18.28864554511096
58781.95172314669,11.78550608888334,18.26536935514486
58784.16238840571,11.775052730253119,18.242093165178762
58786.373053664734,11.7645993716229,18.21881697521266
58788.58371892376,11.75414601299268,18.195540785246564
58790.79438418278,11.743692654362459,18.172264595280467
58793.0050494418,11.73323929573224,18.148988405314366
58795.215714700826,11.722785937102019,18.125712215348265
58797.42637995985,11.7123325784718,18.10243602538217
58799.63704521887,11.70187921984158,18.07915983541607
58801.847710477894,11.69142586121136,18.05588364544997
58804.05837573692,11.68097250258114,18.032607455483873
58806.26904099594,11.671129527740382,18.01070506405292
58808.47970625496,11.662296274352412,17.991075265499923
58810.690371513985,11.653463020964443,17.971445466946925
58812.90103677301,11.644629767576474,17.951815668393927
58815.11170203203,11.635796514188504,17.93218586984093
58817.32236729105,11.626963260800535,17.91255607128793
58819.533032550076,11.618130007412566,17.892926272734933
58821.7436978091,11.609296754024596,17.873296474181934
58823.95436306812,11.600463500636629,17.853666675628936
58826.165028327145,11.59163024724866,17.834036877075935
58828.37569358617,11.58279699386069,17.814407078522937
58830.58635884519,11.57396374047272,17.79477727996994
58832.79702410421,11.565130487084751,17.77514748141694
58835.007689363236,11.556297233696782,17.755517682863942
58837.21835462226,11.54849729403908,17.73765723569038
58839.42901988128,11.541546154532782,17.72125019581681
58841.639685140304,11.534595015026483,17.70484315594324
58843.85035039933,11.527643875520184,17.688436116069674
58846.06101565835,11.520692736013885,17.672029076196104
58848.27168091737,11.513741596507588,17.655622036322534
58850.482346176395,11.506790457001289,17.639214996448963
58852.69301143542,11.49983931749499,17.622807956575397
58854.90367669445,11.49288817798867,17.606400916701773
58857.114341953464,11.485937038482394,17.589993876828256
58859.325007212494,11.478985898976072,17.573586836954632
58861.53567247152,11.472034759469775,17.557179797081066
58863.74633773054,11.465083619963476,17.540772757207495
58865.95700298956,11.458132480457177,17.524365717333925
58868.167668248585,11.451480895856312,17.507388930449295
58870.37833350761,11.444945066703287,17.49019197918335
58872.58899876663,11.438409237550264,17.47299502791741
58874.79966402565,11.431873408397243,17.455798076651465
58877.010329284676,11.42533757924422,17.438601125385524
58879.2209945437,11.418801750091196,17.42140417411958
58881.43165980272,11.412265920938173,17.40420722285364
58883.642325061744,11.40573009178515,17.387010271587695
58885.85299032077,11.399194262632127,17.369813320321754
58888.06365557979,11.392658433479104,17.35261636905581
58890.27432083881,11.386122604326081,17.33541941778987
58892.484986097836,11.379586775173058,17.318222466523927
58894.69565135686,11.373050946020037,17.301025515257983
58896.90631661588,11.366515116867012,17.283828563992042
58899.116981874904,11.359658475096156,17.265169330513135
58901.32764713393,11.352763611065097,17.24633587779181
58903.53831239295,11.345868747034036,17.227502425070494
58905.74897765197,11.338973883002975,17.208668972349173
58907.959642910995,11.332079018971914,17.189835519627852
58910.17030817002,11.325184154940853,17.17100206690653
58912.38097342904,11.318289290909794,17.15216861418521
58914.59163868806,11.311394426878733,17.13333516146389
58916.802303947086,11.304499562847674,17.11450170874257
58919.01296920611,11.297604698816613,17.09566825602125
58921.22363446513,11.290709834785552,17.076834803299928
58923.434299724155,11.283814970754491,17.05800135057861
58925.64496498318,11.276920106723432,17.03916789785729
58927.8556302422,11.270060897942484,17.020407647762223
58930.06629550122,11.263707876917394,17.002686635170473
58932.276960760246,11.257354855892306,16.984965622578727
58934.48762601927,11.251001834867216,16.96724460998698
58936.69829127829,11.244648813842128,16.94952359739523
58938.908956537314,11.238295792817038,16.931802584803485
58941.11962179634,11.23194277179195,16.914081572211735
58943.33028705536,11.22558975076686,16.89636055961999
58945.54095231438,11.219236729741771,16.878639547028243
58947.751617573405,11.212883708716681,16.860918534436497
58949.96228283243,11.206530687691593,16.843197521844747
58952.17294809145,11.200177666666503,16.825476509253
58954.383613350474,11.193824645641413,16.807755496661255
58956.5942786095,11.187471624616325,16.790034484069505
58958.80494386852,11.181572559284069,16.773332109979293
58961.01560912754,11.177126389067856,16.759889910675437
58963.226274386565,11.172680218851644,16.746447711371577
58965.43693964559,11.168234048635432,16.733005512067717
58967.64760490461,11.16378787841922,16.719563312763857
58969.85827016363,11.159341708203007,16.70612111346
58972.068935422656,11.154895537986794,16.69267891415614
58974.27960068168,11.150449367770582,16.67923671485228
58976.4902659407,11.146003197554368,16.665794515548424
58978.700931199724,11.141557027338155,16.652352316244563
58980.91159645875,11.137110857121943,16.638910116940703
58983.12226171777,11.13266468690573,16.625467917636843
58985.33292697679,11.128218516689518,16.612025718332987
58987.543592235816,11.123772346473306,16.598583519029127
58989.75425749484,11.119770589387233,16.585796564209804
58991.96492275386,11.11640748807374,16.573951245998668
58994.175588012884,11.113044386760246,16.56210592778753
58996.38625327191,11.109681285446753,16.550260609576398
58998.59691853094,11.106318184133247,16.538415291365222
59000.80758378995,11.102955082819765,16.526569973154125
59003.01824904898,11.09959198150626,16.514724654942952
59005.228914308,11.096228880192777,16.502879336731855
59007.43957956703,11.092865778879272,16.491034018520683
59009.65024482605,11.089502677565777,16.479188700309546
59011.86091008507,11.086139576252284,16.46734338209841
59014.071575344096,11.08277647493879,16.455498063887273
59016.28224060312,11.079413373625297,16.44365274567614
59018.49290586214,11.076050272311802,16.431807427465003
59020.703571121165,11.073248975538235,16.42127010336542
59022.91423638019,11.070850197098544,16.411669923010827
59025.12490163921,11.068451418658851,16.402069742656234
59027.33556689823,11.066052640219159,16.392469562301645
59029.546232157256,11.063653861779468,16.382869381947053
59031.75689741628,11.061255083339775,16.37326920159246
59033.9675626753,11.058856304900084,16.363669021237868
59036.178227934324,11.056457526460392,16.35406884088328
59038.38889319335,11.0540587480207,16.344468660528687
59040.59955845237,11.051659969581008,16.334868480174094
59042.81022371139,11.049261191141317,16.325268299819506
59045.020888970415,11.046862412701625,16.315668119464913
59047.23155422944,11.044463634261934,16.30606793911032
59049.44221948846,11.042064855822241,16.29646775875573
59051.652884747484,11.040442036717465,16.288125320893933
59053.86355000651,11.039071220945806,16.28019135198936
59056.07421526553,11.037700405174144,16.27225738308479
59058.28488052455,11.036329589402484,16.264323414180218
59060.495545783575,11.034958773630823,16.256389445275648
59062.7062110426,11.033587957859163,16.248455476371078
59064.91687630162,11.032217142087504,16.240521507466507
59067.12754156064,11.030846326315842,16.232587538561937
59069.338206819666,11.02947551054418,16.224653569657367
59071.54887207869,11.028104694772521,16.216719600752796
59073.75953733771,11.026733879000862,16.208785631848226
59075.970202596734,11.0253630632292,16.200851662943656
59078.18086785576,11.023992247457539,16.192917694039085
59080.39153311478,11.022621431685879,16.18498372513451
59082.6021983738,11.021393847829199,16.176831402063584
59084.812863632826,11.020177524348348,16.16866191277675
59087.02352889185,11.018961200867498,16.160492423489913
59089.23419415087,11.017744877386647,16.152322934203077
59091.444859409894,11.016528553905797,16.144153444916242
59093.65552466892,11.015312230424946,16.135983955629406
59095.86618992794,11.014095906944098,16.12781446634257
59098.07685518696,11.012879583463247,16.11964497705573
59100.287520445985,11.011663259982397,16.111475487768896
59102.49818570501,11.010446936501546,16.10330599848206
59104.70885096403,11.009230613020696,16.095136509195225
59106.91951622305,11.008014289539846,16.08696701990839
59109.130181482076,11.006797966058997,16.078797530621554
59111.3408467411,11.005523620963688,16.07051166883982
59113.55151200012,11.003723436146313,16.061171143534075
59115.762177259145,11.00192325132894,16.05183061822833
59117.97284251817,11.000123066511566,16.042490092922584
59120.18350777719,10.998322881694191,16.033149567616842
59122.39417303621,10.996522696876816,16.023809042311097
59124.604838295236,10.994722512059443,16.014468517005355
59126.81550355426,10.992922327242068,16.00512799169961
59129.02616881328,10.991122142424695,15.995787466393864
59131.236834072304,10.98932195760732,15.986446941088118
59133.44749933133,10.987521772789947,15.977106415782377
59135.65816459035,10.985721587972572,15.967765890476635
59137.86882984937,10.983921403155199,15.95842536517089
59140.079495108395,10.982121218337824,15.949084839865144
59142.29016036742,10.980570363557446,15.940538241567126
59144.50082562644,10.979688055959569,15.934120458836308
59146.71149088547,10.978805748361689,15.927702676105472
59148.92215614449,10.977923440763814,15.921284893374676
59151.13282140352,10.977041133165933,15.91486711064384
59153.34348666253,10.97615882556806,15.908449327913043
59155.55415192156,10.97527651797018,15.902031545182204
59157.764817180585,10.974394210372303,15.895613762451386
59159.97548243961,10.973511902774426,15.889195979720572
59162.18614769863,10.97262959517655,15.882778196989754
59164.39681295765,10.971747287578673,15.87636041425894
59166.607478216676,10.970864979980794,15.869942631528122
59168.8181434757,10.969982672382917,15.863524848797304
59171.02880873472,10.96910036478504,15.857107066066487
59173.239473993744,10.968856613693303,15.852012477428822
59175.45013925277,10.969412821445383,15.848575535071042
59177.66080451179,10.969969029197463,15.845138592713266
59179.87146977081,10.970525236949545,15.841701650355489
59182.082135029836,10.971081444701625,15.838264707997709
59184.29280028886,10.971637652453705,15.834827765639933
59186.50346554788,10.972193860205785,15.831390823282156
59188.714130806904,10.972750067957865,15.82795388092438
59190.92479606593,10.973306275709945,15.8245169385666
59193.13546132495,10.973862483462025,15.821079996208823
59195.34612658397,10.974418691214106,15.817643053851047
59197.556791842995,10.974974898966186,15.814206111493267
59199.76745710202,10.975531106718266,15.81076916913549
59201.97812236104,10.976087314470346,15.807332226777714
59204.18878762006,10.976691722818975,15.803927310115906
59206.399452879086,10.977326157759965,15.800542343881833
59208.61011813811,10.977960592700956,15.79715737764776
59210.82078339713,10.978595027641948,15.793772411413688
59213.031448656155,10.97922946258294,15.790387445179615
59215.24211391518,10.97986389752393,15.787002478945542
59217.4527791742,10.980498332464922,15.78361751271147
59219.66344443322,10.981132767405912,15.780232546477393
59221.874109692246,10.981767202346903,15.77684758024332
59224.08477495127,10.982401637287895,15.773462614009247
59226.29544021029,10.983036072228884,15.770077647775175
59228.506105469314,10.983670507169876,15.766692681541102
59230.71677072834,10.984304942110867,15.763307715307029
59232.92743598736,10.984939377051859,15.759922749072956
59235.13810124638,10.985330191133922,15.756263298563045
59237.348766505405,10.98565562868879,15.752530189217833
59239.55943176443,10.985981066243657,15.74879707987262
59241.77009702345,10.986306503798524,15.745063970527404
59243.980762282474,10.98663194135339,15.741330861182192
59246.1914275415,10.986957378908258,15.73759775183698
59248.40209280052,10.987282816463125,15.733864642491767
59250.61275805954,10.987608254017992,15.730131533146555
59252.823423318565,10.98793369157286,15.726398423801339
59255.03408857759,10.988259129127727,15.722665314456126
59257.24475383661,10.988584566682594,15.718932205110914
59259.45541909563,10.98891000423746,15.715199095765701
59261.666084354656,10.989235441792328,15.711465986420489
59263.87674961368,10.989560879347195,15.707732877075276
59266.0874148727,10.99036177153391,15.705388014844324
59268.298080131724,10.991182120833408,15.703099964092036
59270.50874539075,10.992002470132906,15.700811913339749
59272.71941064977,10.992822819432403,15.698523862587457
59274.93007590879,10.993643168731902,15.69623581183517
59277.140741167816,10.994463518031399,15.693947761082882
59279.35140642684,10.995283867330897,15.691659710330594
59281.56207168586,10.996104216630394,15.689371659578303
59283.772736944884,10.996924565929893,15.687083608826015
59285.98340220391,10.99774491522939,15.684795558073727
59288.19406746293,10.998565264528889,15.68250750732144
59290.40473272195,10.999385613828386,15.680219456569152
59292.615397980975,11.000205963127883,15.67793140581686
59294.826063240005,11.001066960643753,15.675661754495476
59297.03672849902,11.002193055870354,15.673512099755708
59299.24739375805,11.003319151096964,15.67136244501593
59301.458059017066,11.004445246323566,15.669212790276166
59303.668724276096,11.005571341550175,15.667063135536388
59305.87938953512,11.00669743677678,15.664913480796617
59308.09005479414,11.007823532003385,15.662763826056842
59310.300720053165,11.008949627229992,15.660614171317071
59312.51138531219,11.010075722456596,15.6584645165773
59314.72205057121,11.011201817683203,15.65631486183753
59316.93271583023,11.012327912909807,15.654165207097758
59319.143381089256,11.013454008136414,15.652015552357987
59321.35404634828,11.01458010336302,15.649865897618213
59323.5647116073,11.015706198589625,15.647716242878442
59325.775376866324,11.016661125489955,15.645060335660158
59327.98604212535,11.017226398675207,15.641251977148382
59330.19670738437,11.01779167186046,15.637443618636606
59332.40737264339,11.018356945045714,15.633635260124834
59334.618037902415,11.018922218230966,15.629826901613058
59336.82870316144,11.019487491416218,15.626018543101281
59339.03936842046,11.02005276460147,15.622210184589509
59341.250033679484,11.020618037786722,15.618401826077733
59343.46069893851,11.021183310971976,15.614593467565957
59345.67136419753,11.021748584157228,15.61078510905418
59347.88202945655,11.02231385734248,15.606976750542408
59350.092694715575,11.022879130527732,15.603168392030632
59352.3033599746,11.023444403712986,15.599360033518856
59354.51402523362,11.024009676898238,15.595551675007084
59356.72469049264,11.024104831257997,15.59070100457443
59358.935355751666,11.023685504050329,15.584709664503112
59361.14602101069,11.02326617684266,15.578718324431797
59363.35668626971,11.02284684963499,15.572726984360482
59365.567351528734,11.022427522427321,15.566735644289164
59367.77801678776,11.022008195219652,15.560744304217849
59369.98868204678,11.021588868011982,15.554752964146534
59372.1993473058,11.021169540804312,15.548761624075219
59374.410012564826,11.020750213596644,15.5427702840039
59376.62067782385,11.020330886388974,15.536778943932585
59378.83134308287,11.019911559181306,15.530787603861267
59381.042008341894,11.019492231973636,15.524796263789952
59383.25267360092,11.019072904765967,15.518804923718637
59385.46333885994,11.018653577558297,15.512813583647322
59387.67400411896,11.018038653783373,15.507072085814823
59389.884669377985,11.017318285448228,15.501465275954445
59392.09533463701,11.016597917113083,15.495858466094067
59394.30599989603,11.01587754877794,15.490251656233688
59396.51666515505,11.015157180442793,15.484644846373307
59398.727330414076,11.01443681210765,15.479038036512929
59400.9379956731,11.013716443772505,15.473431226652547
59403.14866093212,11.01299607543736,15.467824416792169
59405.359326191145,11.012275707102216,15.462217606931791
59407.56999145017,11.01155533876707,15.45661079707141
59409.78065670919,11.010834970431926,15.451003987211031
59411.99132196821,11.010114602096781,15.445397177350653
59414.201987227236,11.009394233761636,15.439790367490271
59416.41265248626,11.008673865426491,15.434183557629893
59418.62331774528,11.009037731633489,15.432157695406666
59420.833983004304,11.009636390308419,15.430907292275155
59423.04464826333,11.010235048983349,15.429656889143644
59425.25531352235,11.010833707658279,15.428406486012133
59427.46597878137,11.011432366333207,15.427156082880622
59429.676644040395,11.012031025008136,15.42590567974911
59431.88730929942,11.012629683683066,15.4246552766176
59434.09797455844,11.013228342357996,15.423404873486092
59436.308639817464,11.013827001032926,15.422154470354581
59438.51930507649,11.014425659707854,15.420904067223066
59440.72997033551,11.015024318382785,15.419653664091559
59442.94063559454,11.015622977057715,15.418403260960044
59445.151300853555,11.016221635732643,15.417152857828537
59447.361966112585,11.016820294407575,15.415902454697022
59449.57263137161,11.018287529966978,15.416292004472481
59451.78329663063,11.01975978195055,15.416691025717359
59453.99396188965,11.021232033934119,15.417090046962233
59456.204627148676,11.02270428591769,15.41748906820711
59458.4152924077,11.024176537901262,15.417888089451985
59460.62595766672,11.025648789884832,15.418287110696863
59462.836622925744,11.027121041868403,15.418686131941737
59465.04728818477,11.028593293851973,15.419085153186614
59467.25795344379,11.030065545835544,15.419484174431489
59469.46861870281,11.031537797819116,15.419883195676363
59471.679283961836,11.033010049802686,15.42028221692124
59473.88994922086,11.034482301786257,15.420681238166118
59476.10061447988,11.035954553769827,15.421080259410992
59478.311279738904,11.037310383528597,15.421114792121543
59480.52194499793,11.038083485718573,15.419324952227775
59482.73261025695,11.038856587908551,15.417535112334008
59484.94327551597,11.039629690098527,15.41574527244024
59487.153940774995,11.040402792288504,15.413955432546476
59489.36460603402,11.041175894478481,15.412165592652709
59491.57527129304,11.041948996668458,15.410375752758942
59493.78593655206,11.042722098858434,15.408585912865178
59495.996601811086,11.04349520104841,15.406796072971407
59498.20726707011,11.044268303238386,15.405006233077643
59500.41793232913,11.045041405428364,15.403216393183875
59502.628597588155,11.04581450761834,15.401426553290108
59504.83926284718,11.046587609808316,15.399636713396344
59507.0499281062,11.047360711998294,15.397846873502576
59509.26059336522,11.04751324620651,15.394571633371083
59511.471258624246,11.046454584912897,15.388397258673788
59513.68192388327,11.045395923619282,15.382222883976489
59515.89258914229,11.044337262325667,15.376048509279194
59518.103254401314,11.043278601032053,15.369874134581895
59520.31391966034,11.042219939738438,15.3636997598846
59522.52458491936,11.041161278444823,15.357525385187301
59524.73525017838,11.04010261715121,15.351351010490006
59526.945915437405,11.039043955857595,15.345176635792708
59529.15658069643,11.037985294563981,15.339002261095413
59531.36724595545,11.036926633270365,15.332827886398114
59533.577911214474,11.035867971976751,15.326653511700819
59535.7885764735,11.034809310683137,15.32047913700352
59537.99924173252,11.033750649389521,15.314304762306225
59540.20990699154,11.031273332736427,15.305206490640234
59542.420572250565,11.027438675383424,15.293310693605289
59544.63123750959,11.023604018030419,15.281414896570343
59546.84190276861,11.019769360677415,15.269519099535398
59549.05256802763,11.015934703324412,15.257623302500452
59551.263233286656,11.012100045971408,15.245727505465506
59553.47389854568,11.008265388618403,15.23383170843056
59555.6845638047,11.0044307312654,15.221935911395615
59557.895229063724,11.000596073912394,15.21004011436067
59560.10589432275,10.99676141655939,15.198144317325724
59562.31655958177,10.992926759206387,15.186248520290778
59564.52722484079,10.989092101853384,15.174352723255836
59566.737890099816,10.985257444500379,15.162456926220887
59568.94855535884,10.981422787147375,15.150561129185945
59571.15922061786,10.97650722126695,15.136902173134938
59573.369885876884,10.971090682646619,15.122426039144493
59575.58055113591,10.965674144026288,15.107949905154047
59577.79121639493,10.960257605405957,15.093473771163598
59580.00188165395,10.954841066785626,15.078997637173153
59582.212546912975,10.949424528165295,15.064521503182707
59584.423212172,10.944007989544964,15.050045369192258
59586.63387743102,10.938591450924633,15.035569235201812
59588.84454269004,10.933174912304302,15.021093101211367
59591.05520794907,10.927758373683954,15.006616967220872
59593.26587320809,10.92234183506364,14.992140833230472
59595.47653846712,10.916925296443292,14.97766469923998
59597.68720372614,10.911508757822961,14.963188565249531
59599.897868985165,10.90609221920263,14.948712431259086
59602.10853424419,10.899995949203833,14.93228962323349
59604.31919950321,10.893784930666458,14.915538188330139
59606.52986476223,10.887573912129085,14.898786753426783
59608.740530021256,10.88136289359171,14.882035318523432
59610.95119528028,10.875151875054335,14.86528388362008
59613.1618605393,10.86894085651696,14.848532448716728
59615.372525798324,10.862729837979586,14.831781013813377
59617.58319105735,10.856518819442213,14.815029578910021
59619.79385631637,10.850307800904838,14.79827814400667
59622.00452157539,10.844096782367464,14.781526709103318
59624.215186834415,10.83788576383009,14.764775274199966
59626.42585209344,10.831674745292716,14.74802383929661
59628.63651735246,10.825463726755341,14.731272404393259
59630.847182611484,10.819216484294357,14.71443239957669
59633.05784787051,10.811703839031136,14.694498400371657
59635.26851312953,10.804191193767917,14.67456440116662
59637.47917838855,10.796678548504694,14.654630401961587
59639.689843647575,10.789165903241475,14.63469640275655
59641.9005089066,10.781653257978254,14.614762403551513
59644.11117416562,10.774140612715033,14.59482840434648
59646.32183942464,10.766627967451813,14.574894405141443
59648.532504683666,10.759115322188592,14.55496040593641
59650.74316994269,10.751602676925373,14.535026406731376
59652.95383520171,10.74409003166215,14.515092407526339
59655.164500460734,10.736577386398931,14.495158408321306
59657.37516571976,10.72906474113571,14.475224409116269
59659.58583097878,10.72155209587249,14.455290409911235
59661.7964962378,10.713806891740091,14.434838568863658
59664.007161496826,10.705131985236331,14.412316547518497
59666.21782675585,10.69645707873257,14.38979452617334
59668.42849201487,10.687782172228808,14.367272504828179
59670.639157273894,10.679107265725047,14.344750483483018
59672.84982253292,10.670432359221287,14.322228462137858
59675.06048779194,10.661757452717525,14.299706440792697
59677.27115305096,10.653082546213765,14.277184419447536
59679.481818309985,10.644407639710003,14.254662398102376
59681.69248356901,10.635732733206243,14.232140376757219
59683.90314882803,10.627057826702483,14.209618355412058
59686.11381408705,10.618382920198721,14.187096334066897
59688.324479346076,10.60970801369496,14.164574312721737
59690.5351446051,10.6010331071912,14.142052291376576
59692.74580986412,10.592143254530782,14.119011724109722
59694.956475123145,10.58289108470457,14.095097086370508
59697.16714038217,10.573638914878359,14.07118244863129
59699.37780564119,10.564386745052149,14.047267810892073
59701.58847090021,10.555134575225937,14.02335317315286
59703.799136159236,10.545882405399727,13.999438535413642
59706.00980141826,10.536630235573515,13.975523897674424
59708.22046667728,10.527378065747303,13.95160925993521
59710.431131936304,10.518125895921093,13.927694622195993
59712.64179719533,10.508873726094883,13.90377998445678
59714.85246245435,10.499621556268671,13.879865346717562
59717.06312771337,10.49036938644246,13.855950708978348
59719.273792972395,10.48111721661625,13.83203607123913
59721.48445823142,10.471865046790038,13.808121433499917
59723.69512349044,10.462373067092596,13.783531082615166
59725.905788749464,10.452680568696255,13.758375729463925
59728.11645400849,10.442988070299913,13.733220376312687
59730.32711926751,10.433295571903571,13.708065023161446
59732.53778452653,10.42360307350723,13.682909670010208
59734.74844978556,10.413910575110856,13.657754316858885
59736.95911504458,10.404218076714546,13.632598963707729
59739.16978030361,10.394525578318174,13.607443610556409
59741.38044556262,10.384833079921863,13.58228825740525
59743.59111082165,10.37514058152549,13.557132904253926
59745.801776080676,10.365448083129149,13.531977551102688
59748.0124413397,10.355755584732806,13.506822197951447
59750.22310659872,10.346063086336464,13.481666844800209
59752.433771857744,10.336370587940124,13.456511491648971
59754.64443711677,10.32628701935611,13.430220763181818
59756.85510237579,10.316049002299387,13.403481631872864
59759.06576763481,10.305810985242662,13.37674250056391
59761.276432893836,10.29557296818594,13.35000336925496
59763.48709815286,10.285334951129215,13.323264237946006
59765.69776341188,10.275096934072492,13.296525106637052
59767.908428670904,10.264858917015768,13.269785975328102
59770.11909392993,10.254620899959045,13.243046844019148
59772.32975918895,10.244382882902322,13.216307712710194
59774.54042444797,10.234144865845598,13.189568581401241
59776.751089706995,10.223906848788875,13.162829450092289
59778.96175496602,10.213668831732152,13.136090318783335
59781.17242022504,10.203430814675428,13.109351187474383
59783.38308548406,10.193192797618705,13.08261205616543
59785.593750743086,10.182813710767938,13.055369642720814
59787.80441600211,10.172417034969284,13.028064478753894
59790.01508126113,10.16202035917063,13.000759314786972
59792.225746520155,10.151623683371973,12.97345415082005
59794.43641177918,10.141227007573319,12.946148986853128
59796.6470770382,10.130830331774664,12.918843822886206
59798.85774229722,10.120433655976008,12.891538658919284
59801.068407556246,10.110036980177354,12.864233494952362
59803.27907281527,10.099640304378697,12.836928330985444
59805.48973807429,10.089243628580043,12.809623167018522
59807.700403333314,10.078846952781387,12.7823180030516
59809.91106859234,10.068450276982732,12.755012839084678
59812.12173385136,10.058053601184078,12.727707675117756
59814.33239911038,10.047667600938107,12.700398219882892
59816.543064369405,10.03744478911238,12.673023167553678
59818.75372962843,10.027221977286654,12.645648115224466
59820.96439488745,10.016999165460927,12.618273062895252
59823.175060146474,10.006776353635201,12.59089801056604
59825.3857254055,9.996553541809474,12.563522958236828
59827.59639066452,9.986330729983749,12.536147905907615
59829.80705592354,9.976107918158021,12.508772853578401
59832.017721182565,9.965885106332294,12.481397801249189
59834.22838644159,9.955662294506569,12.454022748919975
59836.43905170061,9.945439482680843,12.426647696590763
59838.64971695963,9.935216670855116,12.39927264426155
59840.860382218656,9.924993859029389,12.371897591932338
59843.07104747768,9.914771047203663,12.344522539603126
59845.2817127367,9.904637959195812,12.317256655189633
59847.492377995724,9.894799134255116,12.290348803754181
59849.70304325475,9.884960309314422,12.263440952318728
59851.91370851377,9.875121484373729,12.236533100883275
59854.12437377279,9.865282659433035,12.209625249447821
59856.335039031816,9.85544383449234,12.182717398012368
59858.54570429084,9.845605009551646,12.155809546576917
59860.75636954986,9.835766184610952,12.128901695141465
59862.967034808884,9.825927359670256,12.101993843706012
59865.17770006791,9.816088534729563,12.075085992270559
59867.38836532693,9.806249709788869,12.048178140835105
59869.59903058595,9.796410884848175,12.021270289399654
59871.809695844975,9.78657205990748,11.9943624379642
59874.020361104,9.776733234966786,11.96745458652875
59876.23102636302,9.767051538973277,11.94056158906442
59878.44169162204,9.7575998019261,11.913690330456038
59880.652356881066,9.74814806487892,11.886819071847656
59882.863022140096,9.738696327831711,11.859947813239186
59885.07368739911,9.729244590784564,11.833076554630892
59887.28435265814,9.719792853737355,11.806205296022425
59889.49501791716,9.710341116690207,11.77933403741413
59891.70568317619,9.700889379642998,11.752462778805661
59893.91634843521,9.69143764259582,11.72559152019728
59896.12701369423,9.681985905548641,11.6987202615889
59898.337678953256,9.672534168501464,11.671849002980519
59900.54834421228,9.663082431454285,11.644977744372138
59902.7590094713,9.653630694407108,11.618106485763755
59904.969674730324,9.64417895735993,11.591235227155375
59907.18033998935,9.634951455512585,11.564645621910241
59909.39100524837,9.625887542653697,11.538261494613362
59911.60167050739,9.616823629794805,11.511877367316481
59913.812335766415,9.607759716935915,11.485493240019602
59916.02300102544,9.598695804077025,11.459109112722722
59918.23366628446,9.589631891218135,11.432724985425843
59920.444331543484,9.580567978359245,11.406340858128964
59922.65499680251,9.571504065500354,11.379956730832083
59924.86566206153,9.562440152641464,11.353572603535202
59927.07632732055,9.553376239782574,11.327188476238323
59929.286992579575,9.544312326923684,11.300804348941444
59931.4976578386,9.535248414064794,11.274420221644563
59933.70832309762,9.526184501205902,11.248036094347684
59935.91898835664,9.517120588347012,11.221651967050803
59938.129653615666,9.508514019076722,11.196037592820794
59940.34031887469,9.5000595322036,11.170679187832626
59942.55098413371,9.491605045330477,11.145320782844461
59944.761649392734,9.483150558457353,11.119962377856293
59946.97231465176,9.474696071584232,11.094603972868128
59949.18297991078,9.46624158471111,11.06924556787996
59951.3936451698,9.457787097837986,11.043887162891796
59953.604310428826,9.449332610964863,11.018528757903628
59955.81497568785,9.440878124091741,10.993170352915463
59958.02564094687,9.43242363721862,10.967811947927295
59960.236306205894,9.423969150345496,10.94245354293913
59962.44697146492,9.415514663472372,10.917095137950962
59964.65763672394,9.40706017659925,10.891736732962798
59966.86830198296,9.398605689726129,10.86637832797463
59969.078967241985,9.390606977857834,10.841529896283795
59971.28963250101,9.382646442638741,10.816724181002304
59973.50029776003,9.37468590741965,10.79191846572081
59975.71096301905,9.366725372200557,10.767112750439319
59977.921628278076,9.358764836981464,10.742307035157825
59980.1322935371,9.350804301762373,10.717501319876334
59982.34295879612,9.34284376654328,10.692695604594842
59984.553624055145,9.33488323132419,10.66788988931335
59986.76428931417,9.326922696105097,10.643084174031857
59988.97495457319,9.318962160886006,10.618278458750366
59991.18561983221,9.311001625666913,10.593472743468872
59993.396285091236,9.30304109044782,10.568667028187381
59995.60695035026,9.29508055522873,10.54386131290589
59997.81761560928,9.287157244549139,10.519102990025532
60000.028280868304,9.279588654793535,10.49479627988628
60002.23894612733,9.272020065037932,10.470489569747027
60004.44961138635,9.264451475282328,10.446182859607777
60006.66027664537,9.256882885526723,10.421876149468524
60008.870941904395,9.24931429577112,10.397569439329274
60011.08160716342,9.241745706015516,10.37326272919002
60013.29227242244,9.234177116259913,10.348956019050767
60015.502937681464,9.22660852650431,10.324649308911518
60017.71360294049,9.219039936748704,10.300342598772264
60019.92426819951,9.2114713469931,10.276035888633013
60022.13493345853,9.203902757237497,10.251729178493761
60024.345598717555,9.196334167481893,10.227422468354508
60026.55626397658,9.18876557772629,10.203115758215256
60028.7669292356,9.181320248685234,10.179074336203506
60030.97759449463,9.174212902241372,10.155760337934701
60033.188259753646,9.167105555797558,10.132446339666052
60035.398925012676,9.159998209353697,10.109132341397245
60037.60959027169,9.152890862909883,10.085818343128597
60039.82025553072,9.145783516466022,10.062504344859793
60042.030920789744,9.138676170022185,10.039190346591065
60044.24158604877,9.131568823578347,10.015876348322337
60046.45225130779,9.12446147713451,9.99256235005361
60048.66291656681,9.117354130690671,9.969248351784882
60050.873581825836,9.110246784246835,9.945934353516154
60053.08424708486,9.103139437802996,9.922620355247428
60055.29491234388,9.09603209135916,9.8993063569787
60057.505577602904,9.088924744915321,9.875992358709972
60059.71624286193,9.082022337018724,9.853149798419956
60061.92690812095,9.075381292241584,9.830908474463484
60064.13757337997,9.068740247464442,9.808667150507013
60066.348238638995,9.0620992026873,9.786425826550541
60068.55890389802,9.05545815791016,9.76418450259407
60070.76956915704,9.048817113133017,9.741943178637598
60072.98023441606,9.042176068355877,9.719701854681126
60075.190899675086,9.035535023578735,9.697460530724655
60077.40156493411,9.028893978801594,9.675219206768183
60079.61223019313,9.022252934024452,9.652977882811712
60081.822895452155,9.01561188924731,9.63073655885524
60084.03356071118,9.00897084447017,9.608495234898768
60086.2442259702,9.002329799693028,9.586253910942297
60088.45489122922,8.995688754915887,9.564012586985827
60090.665556488246,8.989314123864325,9.542418609691552
60092.87622174727,8.983108566565924,9.52123545706306
60095.08688700629,8.976903009267522,9.50005230443457
60097.297552265314,8.97069745196912,9.478869151806078
60099.50821752434,8.964491894670717,9.457685999177588
60101.71888278336,8.958286337372314,9.436502846549097
60103.92954804238,8.952080780073912,9.415319693920607
60106.140213301405,8.94587522277551,9.394136541292117
60108.35087856043,8.939669665477108,9.372953388663625
60110.56154381945,8.933464108178706,9.351770236035133
60112.772209078474,8.927258550880303,9.330587083406643
60114.9828743375,8.9210529935819,9.309403930778153
60117.19353959652,8.914847436283498,9.288220778149661
60119.40420485554,8.908641878985096,9.26703762552117
60121.614870114565,8.902838891623839,9.246836341017733
60123.82553537359,8.897146802119362,9.226905536400304
60126.03620063261,8.891454712614888,9.206974731782875
60128.24686589163,8.885762623110411,9.187043927165446
60130.457531150656,8.880070533605934,9.167113122548017
60132.66819640968,8.874378444101458,9.147182317930588
60134.8788616687,8.868686354596981,9.127251513313158
60137.089526927724,8.862994265092505,9.10732070869573
60139.30019218675,8.857302175588028,9.0873899040783
60141.51085744577,8.851610086083552,9.067459099460873
60143.72152270479,8.845917996579075,9.047528294843442
60145.932187963816,8.840225907074599,9.027597490226015
60148.14285322284,8.834533817570122,9.007666685608584
60150.35351848186,8.828841728065646,8.987735880991156
60152.564183740884,8.82357483176526,8.96856316088936
60154.77484899991,8.81832737303729,8.949425096380665
60156.98551425893,8.81307991430932,8.930287031871968
60159.19617951795,8.80783245558135,8.911148967363273
60161.406844776975,8.80258499685338,8.892010902854578
60163.617510036,8.79733753812541,8.872872838345883
60165.82817529502,8.79209007939744,8.853734773837187
60168.03884055404,8.786842620669471,8.834596709328492
60170.249505813066,8.781595161941501,8.815458644819797
60172.46017107209,8.776347703213531,8.796320580311102
60174.67083633111,8.771100244485561,8.777182515802405
60176.881501590135,8.765852785757591,8.75804445129371
60179.092166849165,8.760605327029603,8.738906386784953
60181.30283210818,8.75540395186886,8.719871454090907
60183.51349736721,8.750514992365257,8.70153568588379
60185.72416262623,8.745626032861672,8.683199917676735
60187.934827885256,8.740737073358085,8.664864149469679
60190.14549314428,8.735848113854498,8.646528381262623
60192.3561584033,8.730959154350913,8.628192613055568
60194.566823662324,8.726070194847326,8.609856844848512
60196.77748892135,8.721181235343739,8.591521076641456
60198.98815418037,8.716292275840154,8.5731853084344
60201.19881943939,8.711403316336567,8.554849540227345
60203.409484698415,8.70651435683298,8.536513772020289
60205.62014995744,8.701625397329392,8.518178003813233
60207.83081521646,8.696736437825807,8.499842235606177
60210.041480475484,8.69184747832222,8.481506467399122
60212.25214573451,8.687115895280924,8.463642041420922
60214.46281099353,8.682750115242783,8.446873194796328
60216.67347625255,8.678384335204642,8.430104348171735
60218.884141511575,8.674018555166501,8.41333550154714
60221.0948067706,8.66965277512836,8.396566654922546
60223.30547202962,8.66528699509022,8.379797808297953
60225.51613728864,8.66092121505208,8.363028961673358
60227.726802547666,8.656555435013939,8.346260115048764
60229.93746780669,8.652189654975798,8.32949126842417
60232.14813306571,8.647823874937657,8.312722421799577
60234.358798324734,8.643458094899517,8.295953575174984
60236.56946358376,8.639092314861376,8.27918472855039
60238.78012884278,8.634726534823235,8.262415881925797
60240.9907941018,8.630360754785094,8.245647035301202
60243.201459360826,8.626259353540705,8.229574585997597
60245.41212461985,8.622452431399847,8.214277820915395
60247.62278987887,8.61864550925899,8.198981055833192
60249.833455137894,8.61483858711813,8.183684290750989
60252.04412039692,8.611031664977272,8.168387525668786
60254.25478565594,8.607224742836415,8.153090760586583
60256.46545091496,8.603417820695556,8.137793995504381
60258.676116173985,8.599610898554698,8.122497230422178
60260.88678143301,8.59580397641384,8.107200465339975
60263.09744669203,8.591997054272982,8.091903700257772
60265.30811195105,8.588190132132123,8.076606935175569
60267.518777210076,8.584383209991266,8.061310170093366
60269.7294424691,8.580576287850407,8.046013405011163
60271.94010772812,8.576769365709549,8.030716639928961
60274.150772987145,8.573185892509226,8.015891176778698
60276.36143824617,8.569725224712768,8.00132473666948
60278.57210350519,8.56626455691631,7.986758296560261
60280.78276876421,8.562803889119854,7.972191856451042
60282.993434023236,8.559343221323395,7.957625416341823
60285.20409928226,8.555882553526938,7.943058976232605
60287.41476454128,8.552421885730482,7.928492536123386
60289.625429800304,8.548961217934023,7.913926096014167
60291.83609505933,8.545500550137566,7.899359655904949
60294.04676031835,8.54203988234111,7.88479321579573
60296.25742557737,8.53857921454465,7.870226775686511
60298.468090836395,8.535118546748194,7.8556603355772925
60300.67875609542,8.531657878951737,7.841093895468074
60302.88942135444,8.528197211155279,7.826527455358855
60305.100086613464,8.524919817913757,7.812366512669508
60307.31075187249,8.521683313452927,7.798296036957856
60309.52141713151,8.518446808992099,7.784225561246204
60311.73208239053,8.515210304531271,7.770155085534553
60313.942747649555,8.511973800070441,7.7560846098229
60316.15341290858,8.508737295609613,7.742014134111248
60318.3640781676,8.505500791148785,7.727943658399596
60320.57474342662,8.502264286687957,7.713873182687944
60322.785408685646,8.499027782227127,7.699802706976292
60324.99607394467,8.4957912777663,7.685732231264639
60327.2067392037,8.49255477330546,7.671661755552941
60329.417404462714,8.489318268844642,7.657591279841336
60331.628069721744,8.486081764383803,7.643520804129637
60333.83873498077,8.482845259922975,7.629450328417985
60336.04940023979,8.479851585049321,7.616103016667906
60338.26006549881,8.476860398729443,7.602763116009806
60340.470730757836,8.473869212409562,7.589423215351705
60342.68139601686,8.470878026089684,7.576083314693605
60344.89206127588,8.467886839769804,7.562743414035504
60347.102726534904,8.464895653449926,7.549403513377404
60349.31339179393,8.461904467130045,7.536063612719303
60351.52405705295,8.458913280810167,7.522723712061203
60353.73472231197,8.455922094490287,7.509383811403103
60355.945387570995,8.452930908170408,7.496043910745001
60358.15605283002,8.449939721850528,7.482704010086901
60360.36671808904,8.44694853553065,7.469364109428801
60362.57738334806,8.44395734921077,7.4560242087707005
60364.788048607086,8.441014450985087,7.4428520141554175
60366.99871386611,8.438321122705098,7.430546583671049
60369.20937912513,8.43562779442511,7.418241153186681
60371.420044384155,8.432934466145122,7.4059357227023135
60373.63070964318,8.430241137865135,7.393630292217946
60375.8413749022,8.427547809585146,7.381324861733577
60378.05204016122,8.42485448130516,7.3690194312492086
60380.262705420246,8.42216115302517,7.356714000764841
60382.47337067927,8.419467824745183,7.344408570280473
60384.68403593829,8.416774496465194,7.3321031397961045
60386.894701197314,8.414081168185207,7.319797709311736
60389.10536645634,8.411387839905219,7.307492278827368
60391.31603171536,8.408694511625232,7.2951868483430005
60393.52669697438,8.406001183345243,7.282881417858632
60395.737362233405,8.403393447224891,7.270840194352461
60397.94802749243,8.40095609180955,7.259324904195848
60400.15869275145,8.398518736394207,7.2478096140392365
60402.369358010474,8.396081380978865,7.236294323882625
60404.5800232695,8.393644025563523,7.224779033726012
60406.79068852852,8.391206670148181,7.213263743569401
60409.00135378754,8.388769314732839,7.2017484534127885
60411.212019046565,8.386331959317497,7.190233163256176
60413.42268430559,8.383894603902155,7.178717873099564
60415.63334956461,8.381457248486813,7.167202582942952
60417.84401482363,8.37901989307147,7.15568729278634
60420.054680082656,8.376582537656128,7.144172002629729
60422.26534534168,8.374145182240786,7.132656712473117
60424.4760106007,8.371707826825444,7.121141422316505
60426.686675859724,8.369381896963876,7.110040050432051
60428.89734111875,8.36716447118974,7.099341744297509
60431.10800637777,8.364947045415603,7.088643438162967
60433.31867163679,8.362729619641467,7.077945132028424
60435.529336895816,8.36051219386733,7.067246825893882
60437.74000215484,8.358294768093193,7.05654851975934
60439.95066741386,8.356077342319058,7.045850213624798
60442.161332672884,8.35385991654492,7.035151907490255
60444.37199793191,8.351642490770784,7.024453601355713
60446.58266319093,8.349425064996646,7.01375529522117
60448.79332844995,8.34720763922251,7.0030569890866285
60451.003993708975,8.344990213448375,6.992358682952085
60453.214658968,8.342772787674237,6.981660376817544
60455.42532422702,8.340555361900101,6.970962070683001
60457.63598948604,8.338480242162696,6.960737027685807
60459.846654745066,8.336472427870707,6.950735820493397
60462.05732000409,8.334464613578715,6.940734613300986
60464.26798526311,8.332456799286726,6.930733406108576
60466.478650522135,8.330448984994735,6.920732198916165
60468.68931578116,8.328441170702746,6.910730991723756
60470.89998104019,8.32643335641075,6.900729784531312
60473.1106462992,8.324425542118766,6.890728577338935
60475.32131155823,8.32241772782677,6.8807273701464915
60477.53197681725,8.320409913534785,6.870726162954114
60479.74264207628,8.318402099242789,6.860724955761671
60481.9533073353,8.316394284950798,6.85072374856926
60484.163972594324,8.314386470658809,6.8407225413768495
60486.37463785335,8.312378656366818,6.83072133418444
60488.58530311237,8.310520618947493,6.821330000045155
60490.79596837139,8.308688771391818,6.812045307818081
60493.006633630415,8.306856923836143,6.802760615591007
60495.21729888944,8.305025076280469,6.793475923363934
60497.42796414846,8.303193228724796,6.784191231136859
60499.638629407484,8.301361381169121,6.774906538909786
60501.84929466651,8.299529533613446,6.765621846682711
60504.05995992553,8.297697686057772,6.756337154455638
60506.27062518455,8.295865838502097,6.747052462228564
60508.481290443575,8.294033990946422,6.73776777000149
60510.6919557026,8.29220214339075,6.728483077774416
60512.90262096162,8.290370295835075,6.719198385547342
60515.11328622064,8.2885384482794,6.709913693320268
60517.323951479666,8.286711825429519,6.700649537415943
60519.53461673869,8.285102990661567,6.692241423271356
60521.74528199771,8.283494155893617,6.6838333091267685
60523.955947256734,8.281885321125666,6.675425194982181
60526.16661251576,8.280276486357716,6.667017080837594
60528.37727777478,8.278667651589764,6.658608966693007
60530.5879430338,8.277058816821812,6.650200852548419
60532.798608292826,8.275449982053862,6.641792738403831
60535.00927355185,8.27384114728591,6.633384624259244
60537.21993881087,8.27223231251796,6.6249765101146565
60539.430604069894,8.270623477750009,6.616568395970069
60541.64126932892,8.269014642982057,6.608160281825482
60543.85193458794,8.267405808214107,6.599752167680895
60546.06259984696,8.265796973446156,6.591344053536307
60548.273265105985,8.264226900049623,6.583080320679651
60550.48393036501,8.262816140831363,6.575410013323793
