x_pc,y_pc,z_pc,cell,T_number_mean_250d_K,T_number_mean_750d_K,T_number_mean_2000d_K
-0.001255728251133517,0.21089106979888841,-0.13948266403344642,0,379.53314993596683,842.1754587007642,437.0847650535284
-0.1273758450527918,-0.18011053301627844,-0.15349907822231107,0,170.5401664510986,851.4060300866407,440.4112160639173
0.22071930300902248,0.09917588310333017,-0.1418434672735241,0,51.41088968069667,858.2486511464865,442.9538926790949
0.2022191960319098,-0.04084482793030722,-0.16786473736981775,0,198.76559894642602,849.7918958104641,439.8287031447568
-0.2280816471817886,-0.04471627743598678,-0.11800479208764247,0,252.60901001338834,846.7127403231623,438.7193902325997
-0.1489945076356859,0.1403693342164583,-0.18460177916225182,0,100.53928964565804,855.4091862697315,441.90530380893205
0.12427693586564863,-0.1971785579699258,-0.14178097929141034,0,129.3132064084187,853.7636856980639,441.29115783857793
0.07651394368443137,0.18778876101132477,-0.15884087371359143,0,300.90514569265594,844.9245648434356,438.07517263558526
0.006196499685536908,-0.22323045647918305,-0.12274074585799177,0,346.7162552036782,843.3228504953311,437.49813051632003
0.11534130848570408,0.17222564914701982,-0.17375341565264432,0,153.04945519146537,852.4062753995711,440.78453506415275
-0.21231032366685537,-0.0889892936754035,-0.15111691006930145,0,103.29585322242463,855.25154603678,441.84646814791813
-0.20510124681575917,0.04609105910668688,-0.15339844560252,0,256.9724609846076,846.4632066525542,438.6294919069175
0.22075408861205342,0.0382201739402072,-0.13731843258896018,0,231.20845014475097,847.9365790444664,439.1602968712996
0.1578501164394393,-0.1565951316571933,-0.16604544597356505,0,81.65604576205918,856.493331813543,442.30834480727583
-0.1302945783053852,0.19538235367634962,-0.12736876985394738,0,186.68948798926104,850.4824951351015,440.07750212587564
-0.06744405330455941,-0.17660722344951238,-0.16539252919101313,0,407.1535527352711,841.2158893757892,436.73685521383254
0.10549249251454593,0.19450395935586356,-0.1180513582673319,0,413.6664902456122,840.9919091770403,436.65481748753155
0.0638261678346434,-0.1918468131162499,-0.1740543903230993,0,190.48839612895173,850.2652461047692,439.9992348361934
-0.23428751119565175,0.030109710876543315,-0.14795235608548418,0,69.29543735851519,857.2106967641262,442.57216769606606
-0.1619018129453655,-0.13368527587881118,-0.16019907010463644,0,217.75749277797368,848.7058020257865,439.4374212286194
0.19217550938874964,-0.10202987113255073,-0.13981205137981575,0,283.553737069698,845.5312299176471,438.2937330177916
0.21512212475481363,0.05830576584133697,-0.15921955896828174,0,118.13707015187723,854.402817963261,441.5296995394758
-0.016876738891268138,-0.23604073720516447,-0.13217767543531767,0,147.13665102143145,852.7444122866056,440.9107370297891
-0.12247990811380434,0.15106414636112436,-0.16562971959904318,0,336.32478310907663,843.6861721902104,437.6290227200618
-0.10927730595009331,-0.19148990337044683,-0.13190120503414104,0,311.92759198946027,844.5391821148082,437.9363326066384
-0.06281205924088963,0.2063092762740223,-0.1661661766863973,0,135.01012452010914,853.4378947365199,441.1695637111403
0.24468775644955756,-0.025101403656072562,-0.12754932097463687,0,86.02632452544357,856.2396966600961,442.2150662621968
0.14610726396248053,0.12603865612457663,-0.17766063021053893,0,236.1018265468261,847.6567404068076,439.0594807172094
-0.2050107394993792,0.1031379954729685,-0.13179973842541062,0,212.18401376299929,849.0245338474198,439.55224924776667
-0.20922936178586815,-0.0625884932139877,-0.17414798230014006,0,63.20876304519721,857.5639452997514,442.7020807187944
0.02169566096355201,0.2222309893658301,-0.1501456220097227,0,167.24407470365864,851.5945244407253,440.4815673296591
0.12665671021497224,-0.16340937750881562,-0.1462561749243876,0,372.8613070883532,842.4087293316525,437.1688043701327
0.20243366219879835,-0.11133550784981947,-0.1017053965284482,1,386.5361407651349,843.2175396695943,437.02937859111506
0.26369915871395794,0.03228835103256322,-0.08833181557400141,1,56.6766749290768,859.2288630707355,442.87437905787647
-0.056422766745930726,-0.24220297579115407,-0.1022623354033535,1,169.09120700640452,852.7769798847914,440.4748504166292
-0.15336808382630146,0.2084051696570111,-0.060999052617152355,1,199.99260078444775,851.0095476780439,439.83612735990727
0.02510729312823324,0.24213674207101651,-0.09304865053208966,1,253.14098805364824,847.9696792478043,438.7411404239835
0.12784778749346884,-0.22895518243222565,-0.0755263541197367,1,128.50618751935085,855.0982755217495,441.34115226270876
-0.20234041638041184,0.14326468759944838,-0.12158361744665873,1,95.61339129797533,856.9796077305559,442.0432608350205
-0.23850166801125544,-0.05703602511546775,-0.08011214421600847,1,294.31484631566127,846.442189750589,438.190925477977
-0.2308727902403635,0.045191148775232184,-0.09958870819081368,1,336.0829733512197,844.9817071686405,437.6648470031754
-0.22293507237551433,-0.14437648291365704,-0.06688415821954104,1,118.32741069513041,855.6804595524649,441.5584219170074
0.15043485178080826,0.19461850831104338,-0.11496412535279167,1,142.41445684442778,854.3027799100685,441.0442752488656
0.061091212712800706,-0.23714154032283882,-0.0848003770569116,1,274.88361480236057,847.1216306828297,438.4356659861959
-0.13059525383261808,-0.19901563090871974,-0.11291541075097676,1,224.2140478478834,849.6241808579762,439.3371062330894
-0.044450854381242265,0.251131362680169,-0.07729520460558463,1,193.4714633739304,851.3825298278705,439.9704787605568
0.2531053792780949,-0.06688511853561607,-0.09536550737422862,1,70.33653826164742,858.4374545715166,442.5828043593359
0.19398412303681137,0.14423641866807557,-0.06704297641184095,1,412.6044544806804,842.3138269595012,436.7010426159719
-0.1727698012421699,-0.16019469312162404,-0.08782746020200924,1,402.7989649411834,842.6519516524218,436.8245448495585
-0.2498176055789577,0.09626100831606482,-0.07212636042356174,1,84.09090835226073,857.6405706550312,442.2892123800352
0.019804610778058427,-0.24027824319188423,-0.11670490727169806,1,179.6335659520972,852.1740004570819,440.25557333587875
0.11797568518001682,0.22298977350807586,-0.07444792711463924,1,228.5909141221772,849.3738421686155,439.2469320690764
-0.08090059246038019,0.22184606430948572,-0.1081487175199943,1,265.3684251365799,847.4543429626736,438.5555118309128
-0.17418323169955005,-0.18559986829644495,-0.0902979448445898,1,157.0870622686867,853.4635674276153,440.73108320592746
0.22689587783240514,0.11466883593133313,-0.10531191410895181,1,105.32882239328808,856.4239251634967,441.8358814620474
0.2458756266314631,-0.021806345279024537,-0.064063360249015,1,343.49633068962333,844.7224884764237,437.57147418522675
0.21614944485176027,0.07684578901696222,-0.11476788632151944,1,318.72962153075605,845.5884920515401,437.8834161731703
0.1979037166678315,-0.17393780411765056,-0.08393455018309347,1,91.64166788948455,857.2067739198509,442.128038700459
-0.10150419445399082,0.23250962223696478,-0.09915960708546093,1,133.5935536048918,854.8072991751263,441.2325606028479
-0.0019162484836779989,-0.2524264051134415,-0.07068908439473343,1,237.58719713864312,848.8592919040376,439.06158660741625
0.16316488240380894,-0.1832546514496695,-0.09870289561234956,1,213.92694296131182,850.2125608068326,439.5490457864425
0.08307105191775968,0.24812190761753444,-0.06367380181497516,1,165.01309323296815,853.010231163932,440.5618992226936
-0.2566159519108457,-0.003451952165933461,-0.1106474026042422,1,61.680145879497964,858.9389780741326,442.7675781698656
-0.22213179471684963,0.09216541788414938,-0.08197018962958819,1,359.0959138907274,844.1770266334381,437.3749941053086
-0.022012518266626587,0.25154204895499843,-0.008338681261512654,2,382.96640904593227,843.8002994411096,437.0740225601944
0.10770692236879843,-0.2505232976879117,-0.035493332108989535,2,107.15130559057678,856.8022380321329,441.7947467767047
0.19587775834361154,0.18645865742106965,-0.026353615575353054,2,140.43958162241316,854.8946820523965,441.0844777825652
-0.24421553183641076,-0.08723597789697757,-0.051024479825332876,2,215.70138945591174,850.5818689934908,439.5111762979809
0.25048882348647467,-0.06442924835729254,-0.020511097670242045,2,269.85240088334655,847.7630345703765,438.4981463795482
-0.2139599518505358,0.15280048348320444,-0.05665598849545148,2,168.46138916919728,853.2889165120673,440.4865789595325
-0.15054489186457762,-0.2353055726606881,-0.004211590789308043,2,62.702457518843104,859.366825993375,442.7431479068916
0.026091596574629543,0.25158184275953105,-0.037504218325327236,2,332.23668922482534,845.5775191338643,437.71271801020924
-0.011952177777012147,-0.254928513480417,-0.02714485337040881,2,316.4400782480452,846.130923493394,437.9115999199084
0.1230325621620688,0.24549074000863016,-0.04746361246305545,2,69.88147664015568,858.950205145952,442.58996981243797
0.20420625625077524,-0.17268936822794995,-0.01497369306766636,2,179.6306558687091,852.6488713063153,440.2540135385051
-0.23986665124711057,0.0966893640466667,-0.03138121800348906,2,254.09487074487444,848.3817636246933,438.72050461325176
0.2582324585864661,0.05237529460982082,-0.002597184005958144,2,223.7958158013008,850.1180248652183,439.34448045533884
-0.2113499381336538,-0.16606273731292692,-0.04523476162510261,2,131.8171834251787,855.3887811527846,441.26845312838253
-0.13775160522983224,0.2385396653107637,-0.016478400468344926,2,97.46592056596766,857.3572506768872,442.0014029782065
0.03795279935627893,-0.2425088011650846,-0.054252858219315164,2,403.8229097352888,843.0730736236055,436.8114358134019
0.1620715603063068,0.190217441305446,-0.01755301512112367,2,418.2562385555658,842.57417094334,436.62971784849714
-0.10193326839371353,-0.25007275701264603,-0.06063987617070075,2,89.09674575838977,857.8368390290863,442.17997531901113
-0.2732850354307223,0.01135373025548826,-0.0019048189752630346,2,122.05132270396612,855.948405388002,441.4768264326873
0.23229973329151093,-0.11482921954080896,-0.04092350278166275,2,235.57521978992534,849.4430162677547,439.1018965352538
-0.22704694843748585,-0.12907841796975625,-0.011903496989292951,2,244.69055014374064,848.9206701148009,438.9141762930212
0.26234303224320205,0.03918541388486665,-0.03127726231968213,2,187.37936042298418,852.2048384674389,440.09443745739156
0.05712297376007098,-0.27001310625304276,-0.030157615113590545,2,80.38922276935317,858.3404078988804,442.3657669649634
-0.15833327786250526,0.19799155730256723,-0.0464436145862273,2,298.4026660775147,846.7628300804763,438.13869388226385
0.17391072709561106,-0.18582568966380558,-0.00670739817051455,2,350.44442687298107,844.9396455161324,437.4834796222988
-0.09106957644169773,0.26179787530610515,-0.042311184216966065,2,52.33419409759763,859.9685286243151,442.9643746241941
-0.26775051975892,-0.02532963693279534,-0.02031680470452863,2,160.77451100916937,853.7294064426856,440.65059319726515
0.23200800938519736,0.10163693307223576,-0.051670891312547026,2,285.5204744385422,847.2141332760658,438.30088277696
-0.22199331458142754,0.14373260676232974,-0.022759264121544887,2,204.14331272110104,851.2441946233508,439.74920222575133
0.2643034012458443,-0.028807156009154143,-0.051145538274252916,2,150.30828828445252,854.329164319143,440.87391006354005
0.06718872162019462,0.2656022145058844,-0.010079637004027066,2,115.69075821210936,856.3128920565017,441.6125412332816
-0.14510374105914123,-0.20481029178122148,-0.03547207528316698,2,368.7588822387516,844.2980332452012,437.2528976409106
-0.27521330475176353,-0.05141259403032833,0.001409638826842045,3,56.569525687930486,859.790441049383,443.00800539723366
-0.2065549731520725,0.14828095510747988,0.05811869626901428,3,250.9733915028068,848.7261482693552,438.9113825337263
0.20500155025912367,-0.14704498581055583,0.023637633596690247,3,370.5313834308962,844.438620371658,437.3543512546563
0.26506529332394424,0.04941304931239205,0.03466509014870456,3,139.06138029981818,855.0838091161954,441.24465835471653
-0.07000966631515246,0.25643215036095124,0.01974501771262983,3,192.87254959678725,852.0268256835459,440.1100354868126
-0.11922107132028913,-0.22286060598987825,0.03840412040502601,3,333.0628695013153,845.739974647704,437.82694277156367
0.1236573526701129,0.2309443244418633,0.01480535096360252,3,235.14976482927094,849.6250799450168,439.2378328263305
0.07132873620084407,-0.26086301095777586,0.04804979322330954,3,110.40092161612672,856.7119942776192,441.8573047219833
0.02610811745029164,0.2737244192553736,0.03124226883409304,3,89.47662074717708,857.9006924964433,442.30458287117267
0.17200602502292936,-0.19910732960548125,0.03136856569701354,3,208.81595400718257,851.1210894994158,439.7811141123223
-0.16873135085568297,0.19546609097638165,0.0045414850085231315,3,289.6913134588734,847.246353043727,438.37398953993164
-0.02487437608961343,-0.261865611011982,0.0555522306243982,3,169.5586958224346,853.3512731109208,440.5927473098682
0.25339792323908433,-0.09425829211716498,0.009947442911504897,3,152.3267250894578,854.330212051123,440.961098158224
0.22777267849627758,0.09665826049122252,0.046291037096699815,3,398.15858306956716,843.4798093260866,437.0058885371416
-0.2380570005328716,-0.10113222693188775,0.015931414243484866,3,275.09784145425306,847.7532126760909,438.55805745051305
-0.25767924924986596,0.0959614438574515,0.04635691476354451,3,68.03903611344457,859.1311261411674,442.7628329813254
0.13091513949512693,-0.24417221653413837,0.018271709538844,3,80.14025713948801,858.4354978942691,442.5041571107499
0.0674643383058269,0.2477396847804317,0.04115777775486466,3,260.14212801048274,848.2726536573359,438.74669432349145
-0.06583363466632067,-0.24211262457268828,0.008544958076706426,3,409.40140690799217,843.0941830075692,436.8640824547838
-0.12570913810398268,0.23468123901264165,0.05352532671152879,3,142.0481055562858,854.9141348692652,441.18081407369533
0.21919472079301777,0.15693321243879793,0.006861868612424188,3,161.2074859256936,853.8257008297468,440.7712628898868
0.2472902034987269,-0.04625116164354914,0.05193965593979927,3,312.52702875135446,846.4532242903878,438.085961961629
-0.26019564266497835,0.048770029045909886,0.026492068908982123,3,197.9525191068481,851.7382353623633,440.0052328668321
-0.22283511586304303,-0.15966667091150022,0.033415801867215045,3,95.30033690048323,857.5698503305937,442.1800950329042
-0.2519393959993014,0.10676447437722661,0.011790597041795216,3,118.44921505947956,856.2547750787265,441.68526428832575
-0.24314910213696206,-0.09071802626520244,0.046777965387222675,3,221.76339678060046,850.3855522759989,439.5140011066214
0.2376666261234346,0.08856723901123827,0.02083752461464139,3,352.3170161187126,845.0712407320954,437.58408962895504
0.24340618129952135,-0.10303972772523015,0.03890416982542215,3,186.6226678010112,852.3818780891211,440.23897405336663
-0.17783119065517436,-0.20578064878526175,0.024715363298238667,3,126.44137548937125,855.8007447659783,441.5144237547521
-0.02337985230834048,0.2488391806532128,0.03548278946423486,3,386.2866967265197,843.8914077342355,437.1556290041896
0.02455421338688059,-0.26028618517775887,0.0024342583105573727,3,244.60357459371465,849.0880141238704,439.042795428931
0.17826851185787257,0.20612407159700788,0.05990376546353408,3,66.23595213295624,859.2347748676602,442.80137572981084
0.14444832324161952,-0.17705744208486554,0.10341543012608466,4,413.2420111249079,841.9993524123375,436.3461542354787
-0.26292499227195304,0.059724648639351875,0.07562373503369675,4,56.06313712109509,858.9653596739885,442.5147569330731
-0.22806193178795853,-0.10996581131142129,0.09320220914424435,4,159.8912328495583,853.0082136540226,440.30789490773276
0.004354221412379154,0.24910076028546832,0.08303316973658147,4,232.84766903265734,848.8363343462706,438.8022215827459
-0.06613645360098729,0.23376393680425678,0.09706095497042644,4,242.9979732262848,848.2559079130701,438.59397182861784
0.2091748449337274,-0.15326911121289513,0.07773390942865147,4,150.56328050975708,853.5416154124699,440.5061601619346
0.245778129572668,0.01557934886313942,0.11994654006555559,4,117.9736760292613,855.4051918656671,441.19885090276216
-0.09827275647141832,-0.23046039587417635,0.06221738195568231,4,291.533977747145,846.2458961548994,437.8728047168353
0.1918333507149878,0.14097245743688325,0.09015179170740863,4,351.11342040853503,844.1629430357418,437.12546715584085
-0.07089731352271043,-0.2522053575694138,0.09008829279567791,4,86.41349779491578,857.2100752218636,441.86966122986763
-0.09853848741316791,0.23001284183956128,0.10914609823390146,4,127.40469480171923,854.8658964432715,440.9983949756532
0.24988012063075085,-0.015490449485654822,0.06683009522876528,4,275.30127589030485,846.8134066158015,438.0764203814359
-0.23439622058893117,-0.052830603359875584,0.11409867775341878,4,198.5424267483464,850.7980163844962,439.50604859469854
0.1641506595984579,0.20063711805452467,0.06189456286331565,4,193.19644673918066,851.1037163959924,439.61572994032576
0.004128780462174505,-0.25660706089769897,0.10650530778126527,4,78.04039970291107,857.6943254439602,442.0476310951922
-0.21765660536905374,0.10539890840557355,0.07591708549875995,4,369.2141843627281,843.5301233742388,436.89841936584145
-0.03765596169970821,-0.22971611150244767,0.09829764281112155,4,382.2309199849559,843.0750461050595,436.7351433260283
0.23230762125890936,0.12712897921323432,0.08491234840525726,4,75.64678183561811,857.832758073211,442.0985073473034
0.224537071079404,-0.08783335903635003,0.11636874380427994,4,181.00519416917703,851.8008506996025,439.86585302055914
-0.17140124994028122,0.19111712980914178,0.06292210273179992,4,215.5360540834431,849.8262671331346,439.1573971014261
0.12300842657585964,0.20219077624632986,0.10610668566138755,4,271.3140586036022,846.95280346668,438.12643423032563
-0.2606310357470778,-0.030440786708684466,0.07272774573846418,4,134.55469334257313,854.4570369577535,440.8464220424086
-0.1818264962274913,0.18110461220423735,0.10011727384911188,4,102.33515345715824,856.299451949296,441.53124707505697
0.07605540686374078,-0.22880677123507503,0.08554550976440456,4,329.82767364052347,844.9071126795569,437.39246592862156
-0.22778937215160908,0.026262117750138127,0.1146357727115625,4,321.2685117949689,845.2063489944196,437.4998281806346
0.1387567186797315,-0.22726649075248986,0.06881116987545503,4,106.84824994492203,856.0413788465482,441.4353213895702
0.07866047548477549,0.23790109544819316,0.10303485172187629,4,148.4553031213878,853.6621562133621,440.5509651370815
-0.1762609593167737,-0.1760839449303789,0.07729967355397013,4,250.60809189734104,847.8207373061391,438.4378380505654
0.21651769192738385,-0.11893375930734627,0.09264847024682564,4,220.4262126237733,849.5466324320257,439.0570676635842
-0.04070024847628897,0.25062118904917147,0.08635755614421742,4,176.23522847638165,852.0736123943009,439.9637165095517
-0.16974542387195832,-0.18870613526258773,0.11679645340912774,4,62.42465536384194,858.5974472730978,442.3795431170542
0.2249019795406536,0.08756631925566445,0.06927112510849186,4,408.68242601706515,842.156455779752,436.403347607243
-0.2037333947612365,0.09611789753823179,0.1644492379395843,5,67.44192873558208,857.355004403804,442.62495878215543
-0.08281151813036666,-0.21664650097754926,0.12344846684866549,5,231.52906726361985,847.9635391740802,439.16608868016755
0.1359109180761841,0.13892036866483318,0.16007040929966737,5,397.2621752653579,841.6084324761347,436.8734479941082
0.22876011042741623,-0.003335168568133398,0.14284216639767433,5,160.74632539202065,852.0070980548676,440.63298004075824
-0.16560061234594328,-0.12371987752986488,0.17759162660854716,5,132.2425521329204,853.6354142580864,441.2415141765161
-0.027164105061742088,0.21198935855369203,0.13908850304314851,5,343.8685303355427,843.4726634418836,437.546108307264
0.09910172880738287,-0.1815082352275773,0.15732264312244812,5,263.44825599350673,846.2812840059468,438.55925372923497
0.2323392886694171,0.06606101635782471,0.1342290088525136,5,93.51771413689006,855.8476224665499,442.06826036229535
0.050042888991335584,-0.20660512597689523,0.17314450816233268,5,115.53257907971894,854.5899938370968,441.5982595420519
0.1903342666939583,0.11878188106908667,0.1336410539641786,5,247.74101007215202,847.037410239471,438.83200891793126
-0.20725786522139253,-0.04037032153572997,0.1471547582248588,5,304.42992829807616,844.850028411185,438.04296111496836
-0.13706122837056162,0.1970376846306234,0.12627897011244257,5,145.55113197298814,852.8751438195578,440.9573859996069
0.01292041299049944,0.21037181688478354,0.16327099728817573,5,192.26645529853732,850.2064684404021,439.9751739468122
0.16327049191272697,-0.14375857924786478,0.12768504856244628,5,389.5519452441095,841.8772028494075,436.97058250791434
-0.1884767235164235,0.05733025160086994,0.17881754339979486,5,197.8821183575872,849.8856661709008,439.85945188920795
-0.10479167667161049,-0.2072857654802281,0.15391455219792843,5,70.19309715335436,857.1953003381448,442.56622340420336
0.15363035555058419,0.13711715884002412,0.18580510785200188,5,83.18059882526914,856.4413818188854,442.2889500048632
0.014188697103886695,-0.21798131476428648,0.14929707141715648,5,212.7854487200638,849.0342934740107,439.55233872437464
-0.09318567847417873,0.17660773499936153,0.1566433248809821,5,363.83858779965016,842.7752234677215,437.2945228400196
-0.22110941621448296,-0.07224258609275067,0.13320523166436704,5,177.62350104948,851.0429668032677,440.27692153695216
0.18925534688396284,-0.11584969627686062,0.15519346055200187,5,149.9006171783407,852.6266736548832,440.86452775952864
0.052666743533243604,0.22285129875408632,0.11629268370830184,5,313.4586570736656,844.5347065161288,437.9292159766926
-0.11378172081602346,-0.16938931700520551,0.16370703876269874,5,243.0264483645006,847.3067358880392,438.92916196571474
-0.2310598976871397,0.04038346851171617,0.14286207561153452,5,110.72252504238777,854.864774612826,441.7009505805312
-0.03215020308759027,-0.21971377799349032,0.16378463967644702,5,97.74192352193904,855.6063088508071,441.9780766668237
-0.17845624739179608,0.1392337350018578,0.1265274512468272,5,272.2409612986831,845.9742050617886,438.44848204635326
0.18404276632386052,-0.05374212672652299,0.1688479559795206,5,335.8482802344668,843.7527649405057,437.6471484956922
0.11086973917771684,0.20113550178160722,0.1475972237502191,5,127.33863509525871,853.9155570833566,441.3462091195054
-0.06988106422826325,0.19192692030223918,0.17403963428715213,5,174.6507816421742,851.2127873787592,440.3381804128634
-0.19377604539862903,-0.08696133598233616,0.13213667156034203,5,424.44038996101506,840.6762143552293,436.5310531935242
0.21496503816944604,0.0013649622140275378,0.15353127902619323,5,217.06811578799946,848.7896403848803,439.4640857362726
0.17147795089670728,-0.17709302324854773,0.13327537502924494,5,54.01882053672285,858.1342096822932,442.91153205344574
-0.17559994683585017,-0.13377924694767065,-0.18473816389511624,6,1.4276764156947546,824.0828725445527,423.05664913503966
0.08855892241571084,0.24301530894897505,-0.15452961951986666,6,1.4366871232861274,831.5990072708819,425.922187509779
0.05776174320073701,-0.24347764057473453,-0.18485411023793985,6,1.4131039840077122,837.1351357107106,428.04694713393593
-0.18771157193854876,0.16824041880179533,-0.14443807878689302,6,1.429464357184989,825.5742547681043,423.61419549246284
0.21944179319244714,0.09600730631855728,-0.17545555287504053,6,1.4337487525553878,829.1480132657845,424.97334229497784
-0.02991895770339845,-0.27213340897315275,-0.14402313859612198,6,1.4420844490293316,836.1392723070422,427.6650672119853
-0.017958867551519295,0.2272233412136952,-0.20026823387722037,6,1.4381082702650292,832.7909471038793,426.3810977814998
0.19488269292894086,-0.12713486299288856,-0.15707729453954422,6,46.028974626544155,820.1048198573428,421.569472507636
-0.101007449302372,0.1986515108083987,-0.17498853156025976,6,21.10721835505082,821.5622834180414,422.1143385295799
0.26175797198536505,-0.04920039390193958,-0.14922829918339306,6,1.439371225264017,833.8544767649541,426.78892542379236
0.23788341188485312,0.004776692512692408,-0.19475835447086953,6,1.4408320301079127,835.0846150373153,427.2606418315923
-0.11944471040533848,-0.21805963111415758,-0.1579761090687152,6,1.432180834473717,827.840159978772,424.4670373711539
0.1274186877468661,-0.1773823049851779,-0.1944097110041796,6,1.4307206806367345,826.6221964782767,424.0059636616629
-0.2487295160183805,0.08799651248608842,-0.16911272890838905,6,1.2828132256576248,838.4189488035696,428.5392460193998
-0.23702799505235067,-0.06311328877165173,-0.170635377322736,6,1.4350151477691528,830.2043561719231,425.3822808356655
0.17006747245867487,0.18642450047704526,-0.13452014554608654,6,1.4264055366453559,823.0227895200746,422.6603419915521
0.22361595166061646,-0.06927600533793969,-0.1658189760939353,6,1.4270217276817851,823.5367752198651,422.852493171954
-0.14929792220999794,0.21734114969986992,-0.14323719248310957,6,1.4358681557982012,830.9158789024028,425.65773028051683
-0.1639093252039216,-0.16572576571294328,-0.2110395681195606,6,1.2225673153448162,839.0125786928282,428.76688299746587
0.23614058138341842,0.0684066941630376,-0.1601831899567494,6,1.4314134880065588,827.2000904425619,424.22200665163285
-0.22792888202227995,0.0364641658496658,-0.18485904979791093,6,1.4329538240362538,828.484936610924,424.71664761938814
0.11663392065091366,-0.2345509145494571,-0.1628450560899486,6,1.4414785769784855,835.6290697286388,427.46942178501
0.12253543969865859,0.20961679371739364,-0.18645200594802677,6,1.4399320754598195,834.3267666083244,426.9700325995958
-0.2496285335296577,-0.007425718377014084,-0.13673837453039894,6,7.95990064300284,822.331159266015,422.4017792148574
0.029155063589364847,0.21201557312403424,-0.1836872927837816,6,33.695637391476545,820.8260928449323,421.8391170833777
-0.23182084006402004,-0.10390294135020937,-0.16762251898331945,6,1.4387411273238904,833.3238736561783,426.5854570836368
-0.2148305040500555,0.13176128221064,-0.18076966603174804,6,1.4426217345709291,836.5917184436137,427.8385649976096
0.01833966327878811,-0.2645470330809333,-0.1364259286879537,6,1.4346238089451375,829.8779272766209,425.25591149545653
-0.08839416422535099,-0.21560447263362048,-0.17507604055992218,6,1.4300951977266363,826.1004601136638,423.8109149310079
0.21110613116312543,0.1679569184061147,-0.15727295354843937,6,1.3468070143738815,837.7883893927875,428.29744781927747
0.17746182178856418,-0.14658893510927143,-0.19609474153167875,6,1.4374152747828044,832.2073782111415,426.1573188552027
-0.051750224848050565,0.2413866762007624,-0.15012904281794232,6,1.428401647419962,824.6878127558725,423.2828032395702
-0.0150710530369651,-0.2576584393148132,-0.12615867024697364,7,1.4422061538215976,824.5982984323667,422.97350772822705
-0.28622065553185444,0.10451104716434394,-0.07195294070506807,7,1.309807307478426,839.0835835765157,428.47352751654296
0.27283880831797963,-0.05552424615003652,-0.11962398574912261,7,1.4501231365482612,833.4152539387594,426.3044039910138
0.028322116558603495,0.28399913195061144,-0.08709461583631753,7,1.4477920479164346,830.816098717735,425.3022960943861
-0.15485767444087428,0.2230812024013551,-0.10361488268547288,7,1.443902214322363,826.486226360576,423.665060811156
-0.25077828104944044,-0.13890362823515473,-0.09547072273042047,7,1.4496788337678619,832.9163278674922,426.1134033921292
0.24989330178380448,0.12549562261314792,-0.12981568529577175,7,1.4527643716715215,836.3823634498351,427.43984025788615
0.1879815206911685,-0.1990947048995298,-0.07432620793437984,7,17.509028694996438,822.6093644106634,422.24495584131466
0.25094463970749625,0.07535864259439316,-0.10520893077734872,7,30.669310952478458,821.8397239238271,421.9630344589007
0.05590732846588893,-0.29035315022922836,-0.09294659119853593,7,1.4535946124373949,837.3150389436641,427.79675110899
-0.011134750061880612,0.27012778340558946,-0.1293075527404475,7,1.448439102635406,831.5363517243195,425.58045739403747
-0.2687739909342516,-0.09291036206050624,-0.0739324002334597,7,1.4454971638042136,828.2616050510821,424.3157520997461
0.24646609149682877,-0.11090917902681738,-0.11767372996714077,7,1.4459714515165696,828.7895467240113,424.51964287221017
0.1936005784773472,0.22338287490869133,-0.08279938995783402,7,1.4521021041991715,835.6383857180608,427.15513917245306
-0.18308276205449053,-0.2292080737829292,-0.10895538725625736,7,1.318580926794313,838.9978194764732,428.44070780792737
-0.22777407438886685,0.14691686342297577,-0.09746970141539577,7,1.4425859339060487,825.0210412694822,423.12835956760347
0.07518061021627725,-0.26135896628307265,-0.09803518355564812,7,1.4431130976564,825.6078406003894,423.34330574234144
0.28954675073058544,0.052409926258611836,-0.10279245372702338,7,1.3903538844867378,838.2962226893034,428.17222481668625
-0.27894215994281224,-0.007867168094471242,-0.12478979814974685,7,1.4514512602562024,834.9072409455251,426.87534892946667
-0.08923760143442892,0.2697069947231053,-0.08232273215744616,7,1.4464723080381598,829.3470628118567,424.7349552668186
0.11128539407333211,0.23996926568441587,-0.12437716346634378,7,1.4447271105736381,827.4044392839677,424.0014046770784
0.2178037853677786,-0.1933315781162753,-0.0742311409792137,7,1.4488679756562923,832.013741153188,425.76482491872656
-0.22236141320745975,0.18242578601900716,-0.11764019525649815,7,1.444841113304574,837.7635977855867,427.9684030062469
-0.14777676035832232,-0.22279894865064467,-0.08547339978428582,7,46.59984820717371,820.9080732032435,421.6217682916886
-0.2586827593227533,0.018553003677037154,-0.11879412417887776,7,2.8395852385113662,823.4672637613439,422.5592066831721
-0.10545889191538527,-0.2778226542956993,-0.0786961481052393,7,1.45231736791127,835.8802085690187,427.2476785391704
0.0591698192908467,0.27460372375885284,-0.10878147614092282,7,1.4492151253938204,832.4001623241626,425.9140605541886
0.27486909093116924,-0.03068032151906289,-0.09403833474069895,7,1.4446395513425927,827.3069748847977,423.96570320526126
-0.22748605004264655,-0.15360194626163148,-0.11490618592159696,7,1.4473737436341825,830.3504736196936,425.1224719475412
-0.13808362320415832,0.2573650754481788,-0.08611925082717302,7,1.450856224811322,834.2387902981807,426.61955011086025
0.1232778564754394,-0.25270558896363526,-0.14080105236569926,7,1.230646739008018,839.8573959188659,428.76964553779493
0.20434392860000875,0.18863243242381225,-0.06840722405900643,7,1.4417570481156379,824.0983874889678,422.790389003761
-0.2453840888578923,0.1378711256696061,-0.04993701526924333,8,1.4414913220132466,824.7279875037299,422.9118850867439
-0.0438120248518821,-0.29583844103364054,-0.03397730359914796,8,1.449092205493903,833.1460531091009,426.09269330917493
0.30104188215515126,0.06621676223912293,-0.04553575376921591,8,1.3964703404535201,839.0855240422512,428.38506944797774
0.17440771969822458,-0.23570016575626276,-0.008155516249672413,8,1.445241624972044,828.8814910309864,424.4398590819469
-0.2934135118028105,-0.02206402322796178,-0.038221468103897066,8,1.4469445532588128,830.7675036340929,425.1677277151758
-0.13244293973254911,0.27727041847803796,-0.011923456419581672,8,1.4523681007008504,836.7994065530693,427.5035783241995
0.2164157752905746,-0.20635225433398588,-0.06525976474809907,8,1.4516424101277186,835.9888306209564,427.1910329311097
0.09537077706020314,0.26389845119772365,-0.01874282283371199,8,41.38860133558743,822.1512774854367,421.9639754785554
0.266155777200546,-0.0922051985631522,-0.045066276744384015,8,2.8624112688263565,824.3930130010128,422.78865602822765
0.19723905309256143,0.23220246472810063,-0.0024496909754760238,8,1.450944330915706,835.2090958015775,426.89037938839556
-0.27664239479126973,-0.12772089301178882,-0.05787223177977194,8,1.4536944132708385,838.2808603399792,428.07480371818224
-0.005247978745048673,0.29472038744489654,-0.027554666983300884,8,1.4466120850976212,830.3992913335452,425.0245380473246
0.22834881464135906,0.17167360937464268,-0.059489638804978484,8,1.444481695947829,828.039860923441,424.1302436188878
0.08662638688467272,-0.3016193148251924,-0.025870957586894925,8,1.2063205774372845,840.9336784299097,429.097688854374
-0.2946431841016485,0.04587029320168536,-0.03589278548862098,8,1.4487685936234271,832.7876492520655,425.9533179293489
-0.15685914826486289,-0.24211211687389964,-0.01566687779776438,8,1.443023563587259,826.4249626153915,423.5361613932668
0.13533909369274064,0.25169469726230187,-0.03544240326677386,8,1.4425485331113064,825.8988609166485,423.3426212387355
0.29629748876019835,-0.03836863503998121,-0.01304727122693785,8,1.448121217066385,832.0706722924228,425.674501353815
-0.060385804040907376,0.301022072363315,-0.06511965466744536,8,1.2656727997861643,840.3568064506267,428.8752560477922
-0.23622163981825597,-0.168208718774864,-0.020787136637445167,8,1.4439409045130858,827.4409282088325,423.9099106862701
0.026898624753990526,-0.2876922526531019,-0.05811989612503204,8,1.4459499791243005,829.6660013764886,424.73937770576805
0.2754809736096173,0.13796175101119737,-0.027685633041761845,8,1.4532863924228243,837.8251125440926,427.8990745010022
-0.21046792020069702,-0.21284295370568443,-0.05121509581792322,8,1.4504444105076655,834.650698785366,426.67507023842234
-0.26523851732755094,0.10148650827062473,-0.0012541864047115364,8,14.941817610082783,823.6901447922606,422.5300877284825
-0.08854664766837295,-0.26089313281090376,-0.06323995252221244,8,27.555804950708257,822.9561707510823,422.2600763415377
-0.23461957626066038,0.19688055853745814,-0.019392025704019322,8,1.4520591547028512,836.4543225743424,427.3705193429156
0.12629582860409305,-0.27813902122349854,-0.04298988872188336,8,1.452855725811343,837.3440700682,427.71359205109917
0.2976659629024617,0.0035117615670389978,-0.010501538966145217,8,1.4475262433657476,831.4117320970913,425.41825399987556
-0.17618641406811592,0.23150681751148877,-0.04401812612568106,8,1.4456995122149903,829.3886064026132,424.631504899472
-0.3000172533949856,-0.08823986860860397,-0.005412812427794857,8,1.3278993642723835,839.7519973971739,428.6420511426541
0.047458699323682824,0.2934574025540333,-0.05383823496208154,8,1.449653482588015,833.7676739263454,426.3344279775122
0.23858775845423127,-0.1567372965871705,-0.029369067808446038,8,1.4420506268006394,825.3474239686687,423.13976085569317
-0.2610052536120717,0.1182065013221985,0.05745228229667619,9,1.430608459955703,828.0300569735771,423.8585263516201
-0.17508071500063244,-0.24256618346670394,0.015858217441839486,9,1.4355317899777464,832.1410317400167,425.43386666668596
0.00947640478367826,0.3088329507017259,0.04612526600932288,9,1.3390079351409987,839.3929637729533,428.2068942300383
0.2779257095133028,-0.06301070743686879,0.016738044865414987,9,1.4260776085177511,824.2468013623322,422.4484539186064
-0.27593393345418754,-0.05175398508198835,0.03208449342153179,9,28.51676429661638,822.624838043352,421.8439254387819
-0.11497440338161015,0.28438475472228275,0.027609332789731073,9,1.441174000062873,836.8914559708143,427.25269058305594
0.1640781951259147,-0.2471142297501962,0.0668528031146243,9,1.4385453817071914,834.6700408213642,426.4053286698712
0.2094238991029959,0.2073124809658503,0.007315611075646891,9,1.4323137753789406,829.4539933423277,424.3965068684456
0.03948828602767462,-0.29223382220296834,0.0475092387762673,9,1.4349422897186421,831.6487997183694,425.2438352510193
0.28880463093502184,0.09794634351282225,0.021862607898999367,9,1.439670298260696,835.6206948668329,426.767956984054
-0.26524978139326877,-0.15095378564825723,0.056335948152452894,9,1.4427593656129352,838.231230169192,427.7637493233612
-0.18602244002314486,0.21307463983893685,0.010129528349563275,9,24.115308938448557,822.8825075426914,421.93996247544607
0.1314507629804962,0.2510725818894704,0.05990165550379246,9,1.4288890234801384,826.5943295427745,423.3234105995998
0.24488199297928348,-0.19646142625002622,0.00426999674899411,9,1.2486880953598603,840.286087875786,428.5475776672045
-0.29820688213851226,0.027835106025094803,0.03942147944226142,9,1.4372178782352945,833.5489134480752,425.977394398137
-0.08363322959728003,-0.2787516809414492,0.03070296629888732,9,1.4308863316120966,828.262079479204,423.9450043939842
0.2912324973854194,0.00049700231201139,0.03967206961639502,9,1.431744495620085,828.9786454145592,424.21299373708587
0.06017120900073672,-0.2937610012297149,0.033497235123498614,9,1.4369757924869,833.346772133455,425.89935559023206
-0.12124964691946799,0.2830269957152683,0.06251943896458721,9,1.2366549588778266,840.405077061892,428.592966258532
-0.23827965597555512,-0.1621111245851342,0.0010887298698368344,9,1.427906835351375,825.7742036127304,423.01773816178786
0.23792662093485603,-0.1491233780103679,0.04999272149583176,9,3.275309739451532,824.1025204072715,422.3946783828654
0.21286769026455027,0.22473982719450958,0.009740067311796214,9,1.4423239188002472,837.863239074405,427.6233786059872
-0.0490256949228252,-0.29814676814329466,0.05169228006021643,9,1.4402041393106186,836.0718378002047,426.94004608646077
-0.2772699154776936,0.10334845222261985,0.02361847309968841,9,1.4337042484442242,830.6150367132173,424.8447400302829
-0.13782527131886202,-0.2543998274131008,0.06326508955968269,9,1.4332522576794318,830.2376249572704,424.6990362013613
-0.23452401872937245,0.19307836635858663,0.006219507196114763,9,1.4383943534633523,834.5424085889659,426.35664317645694
0.3042526363991847,-0.03252557983769404,0.03796713498541878,9,1.4414057121714399,837.0872732096191,427.3273853424526
0.08441921714327394,0.2668032698110913,0.027477157081561645,9,41.77872804983828,821.8484576685723,421.55455758302406
-0.020166919076501522,0.2834037318488795,0.04373318007075173,9,1.4274160245576621,825.3643771783829,422.86499010118206
-0.300108082001955,-0.08151909628171099,0.02017793220090314,9,1.3828747012439047,838.9591890207531,428.04143024461143
0.26488452645021443,0.12955025107361468,0.05668275731577896,9,1.4359977873502334,832.5301389968823,425.58408566832844
0.17628013190551342,-0.2301272656979069,0.012504278693864897,9,1.4292181620213231,826.8691598367859,423.42584370514805
0.26037484020900453,0.14513656124079796,0.08405188231938945,10,1.4423335360948584,837.3788168703533,427.59698489678067
0.2037777037547808,-0.17177718566804087,0.10573256320555537,10,1.4269199665878405,824.4609473424586,422.68285640299587
-0.12064643109162144,0.25272406873601067,0.09395097281297796,10,1.4327243985389768,829.3102236791581,424.5007175006146
-0.16160294883662696,-0.21698207691084184,0.13508743476913898,10,1.437427677598474,833.240657503979,426.01621350869056
0.1825291677659232,-0.2271262687972182,0.0870416014925686,10,1.4385708310678351,834.204923236455,426.3845617392589
0.12361201809306364,0.23616337149233266,0.12152438858515247,10,1.4310941954720093,827.9482807322497,423.98171550399775
-0.20827130031842467,-0.179984796916913,0.07226948275732051,10,9.179216442617163,823.2670371048248,422.238183925604
-0.2533605933000813,0.14533070334370818,0.10954074394106504,10,1.3650119255856255,838.6409185600037,428.07910606786726
-0.29714673720490253,-0.003158497130051551,0.10315143573462426,10,1.2155181953341632,840.1164267745834,428.64274824836235
-0.24888760031723695,0.05188571508956998,0.11943322602663298,10,44.571001825750116,821.194032927756,421.46609246177013
0.04784310958484244,-0.27774160167475764,0.07640591144329592,10,1.4304592075210287,827.4177840237514,423.78413173414606
0.09969560927450612,0.263086791823882,0.1192328769580031,10,1.4395505115940417,835.0312972846597,426.70023552936885
-0.10638048939053363,0.27065551132648175,0.06862833074454365,10,1.4350141071699896,831.2231464209148,425.2385100589682
-0.05067053274284398,-0.27400456311993787,0.10697273935015696,10,1.4347987085237157,831.0431929703227,425.16910405850683
0.265801314157128,0.06570581236779316,0.08938588185198422,10,1.4277893569394577,825.187274069164,422.9533771630827
0.28188843424704196,-0.01338289922908035,0.1259900819830561,10,1.4418885312429306,837.0034491345239,427.4535949196732
-0.2932370851905113,0.0012093821461511263,0.09276704710241988,10,1.440889831394672,836.1610320256095,427.1317927016557
-0.26003521813195674,-0.05240830689535601,0.11649134584430373,10,1.4289240005231547,826.1352049480731,423.30643450276693
0.04728601557913359,0.2843824706011194,0.07077904332953891,10,1.4337061557376092,830.1304265847639,424.8170604385109
0.09768984741459528,-0.2621967060112326,0.10934800060690371,10,1.4360953265111864,832.1264443508734,425.58690180326187
-0.10704376969596072,-0.27687275805037753,0.07860757388649778,10,1.4405635400217285,835.8858007481259,427.0266547187909
-0.04726593101951547,0.2641848717089232,0.1107619502406534,10,1.429340961916817,826.4835527341486,423.4361768134914
0.2591492002639916,-0.06223795051035447,0.09430277103452823,10,27.206452829525517,822.2111272114267,421.8449097468597
0.2818488770786358,0.011545749490725237,0.1358414836714448,10,1.2996301903737912,839.2862385157388,428.3256174348481
0.26359636322379143,-0.14925439944231075,0.07660576649644958,10,1.3359610183619237,838.9276520047941,428.1886378633839
0.2026466516029455,0.1730742671272787,0.09812707667027964,10,14.982443764902092,822.9271244852905,422.1115832969632
-0.12223317861929954,-0.25238708119847236,0.0865677392057149,10,1.431451936043536,828.2471528532058,424.0930305779955
-0.16581344644416332,0.21997587089056683,0.12763845819477362,10,1.4382349834486692,833.9216311333603,426.2763445317045
0.18091441327796412,0.2224744113172043,0.09431095480640403,10,1.4370660757214293,832.9374507014912,425.8996977344315
0.12469612232897839,-0.23500474006172567,0.12963783686702154,10,1.43309913866323,829.6232979700189,424.6214666960562
-0.20687882135477545,0.18112575122642416,0.0792788048270597,10,1.4265435857081912,824.1465022927733,422.56574118374436
-0.24820961985635143,-0.14459142005707562,0.11708684956597684,10,1.4426575848106011,837.6521564355285,427.70140024805323
-0.22607274277652933,-0.008747655349723429,0.2079508738894417,11,1.4694753376055834,834.7855466727628,427.1374927553072
0.19488175737106567,0.16508426377536348,0.13770993771727222,11,1.4607846613402065,825.1746878016418,423.4593526510304
0.18824456492134814,-0.13442664994239015,0.169652846309871,11,1.459107674452892,823.3272853465891,422.768949308668
-0.2509350015944603,0.027581205947614203,0.17010038002778444,11,1.468010681398927,833.1510841359463,426.51305700123805
0.05518638435654099,0.2298229810614317,0.1835461486388497,11,1.46539669882383,830.2554009750684,425.3986219734232
-0.11645547777292614,-0.20949344465591824,0.1468888857949514,11,42.48317483624916,820.1161785132806,421.5689081999561
-0.09332235650769768,0.20638694186709566,0.18988182189121244,11,1.4635255126914593,828.1940647291193,424.60086785319993
0.08183979430210478,-0.25861910320441994,0.1545247497484921,11,1.4348235498581632,837.5555381237534,428.19574992639735
-0.003147448232972912,0.25768120285848645,0.17946710456538428,11,1.392729475141817,838.6030076089902,428.59592881281725
0.16553620321714693,-0.18900576360886645,0.15994586472940903,11,1.4646784360434233,829.4641482622809,425.0924006507231
0.12174175567243103,0.17598824897229728,0.18601612417642985,11,19.29842312009847,821.4715573648045,422.07543458607194
-0.03683057801338117,-0.2662291826941471,0.13627803643033434,11,1.4664551315698782,831.4213917579116,425.84987001846366
0.23185918031732142,-0.04885410767364394,0.19419187103464114,11,1.4690014820286217,834.256754192394,426.9354710363706
-0.2187720227054205,0.12593282206178255,0.14125150458746172,11,1.4603262564715471,824.6696997864251,423.27063069030925
-0.2135192530696082,-0.09233740531993728,0.1772319592502416,11,1.4619447749422558,826.4526922587897,423.9369630094857
0.25021904653015953,0.08652907195833455,0.15983647009104784,11,1.4704756986082517,835.9018854932473,427.5639827221703
0.09596259582758092,-0.2305443857859146,0.18439045668986992,11,1.4710609990126104,836.5550432645797,427.81351738954936
-0.0798634989275439,0.23898546839517623,0.1508374898949766,11,1.4625649017747433,827.1358364392526,424.19226473013504
-0.04810360043292387,-0.21999432066382116,0.1793273237824408,11,1.4596207103153696,823.8924559624362,422.9801624534372
0.1369107361757328,0.22898443352520792,0.1484532279812479,11,1.4684713297498617,833.6651381977989,426.7094480034879
-0.18893472291904098,0.12696112707250407,0.19851963019356866,11,1.4668077575420988,831.8098516151256,426.0002071855526
0.249509245458742,-0.031808008114277184,0.1324033770883879,11,12.52296003379256,821.8676504301474,422.2234607919759
0.24362021294088992,0.004769957523666873,0.1699345723751934,11,1.4642888553478934,829.0349783392438,424.926308352559
-0.1940598231811854,-0.1758129733637296,0.17241894141593814,11,1.4043410433050894,838.3140652006172,428.4855402498549
0.21572797616752598,0.1019825161358252,0.20020926962158625,11,1.4507581457595906,837.159021438714,428.04426331251284
-0.2416886291930243,-0.07860891516181523,0.149760095222757,11,1.4632343389681652,827.8733019042402,424.47672999569863
-0.21674415194442997,0.04957484073043392,0.1733155719308262,11,34.87086583360069,820.5611935283117,421.7352173076108
0.22294623114783,-0.11984675360677953,0.16083445684606645,11,1.4657207605449387,830.6123938792427,425.53678117028164
-0.14691260618453547,-0.1984305859926691,0.1759097856978799,11,1.4673751629488259,832.4418862412969,426.24211257017623
0.027755916935550566,0.2357184245680567,0.1589690196980829,11,1.4585015606206333,822.6595781687771,422.51941663861027
0.006014643916345346,-0.21762392679669415,0.19381021125060663,11,1.4614502731110213,825.9079391042113,423.7333801909965
-0.17288211006174894,0.20992370630929638,0.14544305531401078,11,1.4700364704906141,835.4117350401017,427.3767239377546
0.10612221027800181,0.2683579488184923,-0.173768411361266,12,0.057343576054515344,811.9613079849321,411.6401706485637
-0.23178351032512814,-0.14379059090909985,-0.1933429626384574,12,0.08132560873014039,810.5884557184103,411.1006227685374
-0.26833156489059345,0.10280093744957455,-0.14793869972916962,12,0.7126158258657334,804.5473094217433,408.7170091836079
0.14510793306820632,-0.22758510641896543,-0.21471235534880284,12,0.4815104793172593,816.3368492184792,413.3657881046774
-0.08927392274966288,-0.2926225269206064,-0.17550857863797303,12,0.893698975784559,820.5892455467738,415.1008579644348
0.2026790971368834,0.12044949434574272,-0.2112216187100505,12,1.089449908114295,800.9648705299958,407.3258598436138
0.25422211449204707,-0.08875142694950194,-0.18342677755061093,12,0.5645868324926636,805.9545728513184,409.27593423897855
-0.12953599399279597,0.23668825468866933,-0.2110787415109483,12,0.35886811639165095,815.0717181772951,412.8626002327415
0.2679314792557696,-0.13895232000838043,-0.1605213389811505,12,0.320851586424719,814.6795544013211,412.70847502997225
-0.06599745164344903,0.24520360596828097,-0.21082536879745262,12,0.3246702275763629,808.2505749725563,410.1818067888867
-0.11982068236016936,-0.24161380829157672,-0.1692154354443351,12,0.9853292708988439,801.9547115177547,407.69509896277253
0.2718435552386303,0.07550069454455619,-0.20685032128773442,12,0.7423508067096742,819.0275768521025,414.4637716586744
-0.26841092151086354,0.11291337242311733,-0.19179295807162236,12,0.6813075622411351,818.3978784217273,414.20681569186087
0.062277449637147465,-0.25013410023041016,-0.193616884480464,12,0.7584944953694152,804.1111558526422,408.5437813766198
0.1210429730286424,0.2638196294786363,-0.15937914286522498,12,0.26243905543162244,808.848447487013,410.4167780640687
-0.25035835326520217,-0.051770939447371454,-0.22183474209533247,12,0.14305692227980793,812.8454936151385,411.9876665109818
-0.04879642905131567,0.29204517161001275,-0.16662184021804088,12,0.21029744151106322,813.5391207279526,412.26027052481055
0.17887164914025624,-0.17421738836258305,-0.21966631966340033,12,0.18165693410503259,809.6245442297892,410.7217936600448
0.26611187214947246,0.046201273919955314,-0.17398046374723544,12,0.8213327791966818,803.513772753613,408.30651778070353
-0.1915966295241202,-0.20336558840822708,-0.20691821335633592,12,0.6285275145470832,817.8534199238637,413.9846428977742
0.04371585272149024,-0.2959736278620417,-0.18370281740807604,12,0.8079981030921981,819.7047688960434,414.74010796185627
-0.19970281104921417,0.16549378548252494,-0.18719870755719414,12,0.9014560541613239,802.7520668732565,408.00398984427943
-0.2871153034657064,-0.030233269728592856,-0.15753415357243492,12,0.3901628693138485,807.6213685950364,409.9345209189001
0.17314124427623792,0.19527903134884741,-0.21932198950893556,12,0.27074636813377495,814.1626884059747,412.5053403163199
-0.22674280892769352,-0.17331615823490198,-0.1914043887527749,12,0.415111740739618,815.6519055883488,413.090621044074
0.02145810785578672,0.258618041573508,-0.19870939808282284,12,0.5057116947074637,806.5142796116521,409.49823386350965
0.168437621556032,-0.21409486295885463,-0.15819615938161694,12,1.1762687487046186,800.1395120878631,407.0179774383264
-0.2581400544911381,0.018263589767531705,-0.23785493642742936,12,0.8295291959349593,819.9268752975853,414.8307411322608
0.24707704652842702,0.18150543397801017,-0.16008273641022736,12,0.5323253700881682,816.8610359198367,413.57968875003536
-0.0005842931622628622,-0.25145926155990916,-0.2048719958996947,12,0.6470778925927892,805.1703572088245,408.9644660645119
-0.1616476123366613,0.23640136696821493,-0.16996192164594492,12,0.15589780203062584,809.8720195148077,410.8190545005931
0.2754745924071102,-0.011202998210007855,-0.19112199446744876,12,0.01715083203993149,811.2050009927824,411.3429326687647
-0.3125436663587986,0.007513882481966451,-0.10210955361230321,13,0.8311360832001424,809.7771184547529,411.0114153565992
0.06661801269572129,-0.3082233682541827,-0.11861829317026598,13,0.6377164043866729,814.0936064477411,412.6817507857355
0.31931169624575756,0.09731732153285506,-0.08896910688349835,13,0.8819057888851696,818.6935378130079,414.4785039241864
-0.03060358741943485,-0.28517624768013394,-0.1406558960062927,13,1.1409867945832177,804.7478389399483,409.04676328865236
0.3043712448846028,-0.06489223207666199,-0.07906018298026526,13,1.086811733389036,805.6255805983649,409.3902678929542
-0.006706081740617067,0.32306827402877336,-0.14195917281360218,13,1.0954769653071201,822.7186350640054,416.1316803050321
-0.32301420675107145,-0.03562949848779921,-0.10985922373041561,13,0.8126777779808158,817.3894512354199,413.95713168028146
0.09007683330862154,0.2921646495173803,-0.13016498942789126,13,0.7194083050518582,811.6078352199692,411.7198410671819
-0.24828060196234983,-0.20472246269033778,-0.0926986714627321,13,0.634264566026594,813.0029589132004,412.25970693420555
0.14690855910774953,0.26992974671879816,-0.14686238925456288,13,0.7431874947727934,816.0804240884522,413.4505822760359
0.3074674299522155,-0.13569391896540592,-0.10085851728758465,13,1.0366988946088582,821.6094617120251,415.67670075293154
-0.17233063121130243,0.24823731626286075,-0.11549562177749655,13,1.0076064822741935,806.908860154241,409.8924799411384
0.26310112214887565,0.14416563634527127,-0.10320232103595124,13,1.2126178725306764,803.5872757626148,408.6060722471532
-0.20620468533957342,-0.2483869527669897,-0.1279955822142039,13,0.9335556921597772,819.6664957922166,414.87830693879283
-0.2716675123482504,0.18743243866471349,-0.08050534889586118,13,0.7181133845261541,815.6080891160842,413.2678045548774
0.11846138359471305,-0.2707580180571217,-0.13740405149647625,13,0.9285573430383622,808.1896103931849,410.3937021399704
0.18131301757940466,0.26184756971295436,-0.07400676971512876,13,0.8937336458856,808.75382220979,410.6145066955557
-0.2824205520999363,-0.12500896079488372,-0.13908863380158476,13,0.6894548227559637,815.0682318350608,413.05889797512197
-0.15720689756742684,0.28798671166603873,-0.1169383322024039,13,0.9633386688655007,820.2275343032928,415.1088460708333
0.22587392622206104,-0.1858546242110538,-0.1197596054672562,13,1.2516592220854446,802.9547297506742,408.36786525470245
-0.1246743225313294,-0.28414376350134535,-0.09423285123877351,13,0.982152933385749,807.3212572927296,410.0538717521723
0.26913195179799143,0.18518512649743032,-0.12625571648377193,13,1.0181519801281187,821.2600831597015,415.5331358699225
0.20947730070996703,-0.2528877707026902,-0.09318958599109198,13,0.7643094588770311,816.4783102839503,413.6045508287538
-0.26466861344502307,0.1454447040996419,-0.142807086177133,13,0.6612559014504601,812.5606920830978,412.0885645710964
0.03308708105648926,-0.3118829343165769,-0.10445870895916054,13,0.7758388759037692,810.6831914667191,411.36203508627983
-0.3038183976739679,0.09295488604617962,-0.13358066162679952,13,0.8588995770101318,818.2601569933736,414.30042125066393
-0.07232591102918574,-0.33261798559459366,-0.08748018470914103,13,1.0528391966397257,821.9135055659754,415.80163692898384
0.29504440555543643,0.006784735307364837,-0.13081693315571025,13,1.0303857581572387,806.5397914545409,409.7480447346798
-0.09055115810851683,0.2926230658418436,-0.08504273572617853,13,1.191771944638197,803.925020453922,408.73326164620676
0.30781589022536804,-0.03355804431138994,-0.15610686397414722,13,0.9190259146818396,819.3927902857779,414.7658372443898
0.006293570203055378,0.32017361976618397,-0.10048076764264464,13,0.6098101102651061,813.4036576730681,412.41476385457815
-0.30361789299631936,-0.06511474180476266,-0.11250993052795467,13,0.7855293766176175,810.5244076583037,411.300591101911
0.32542907413899225,-0.012938291760826606,-0.03153717055444364,14,0.886181776283022,808.5477780601299,410.2833352974638
0.27810373406347527,0.18873481140543474,-0.04646094157817687,14,0.7057459901248215,815.1038405803654,412.78880820269757
-0.2191333006423844,-0.27589549450184764,-0.017259059620144738,14,1.0900198250598383,822.4063678648365,415.68585732193975
-0.019837578809065434,0.31672553292259675,-0.05497680739972848,14,1.0547791452897974,805.7869816971013,409.21848043625664
0.20585943144965424,0.2402571777022607,-0.00642480977834449,14,1.2392278548088262,802.7666182750305,408.07366999177196
0.04201996578725547,-0.33854939460760847,-0.06915272935677642,14,0.9567192559673148,819.8729930063216,414.65989297901467
-0.33899155654866714,0.05115143305864315,-0.023435303853622344,14,0.8294868470570365,817.4552424559681,413.68730662565684
-0.23251404097657563,-0.23035289027440678,-0.054872432640080675,14,0.7332820894870486,811.0742241145213,411.2490441677796
-0.26916585246091157,0.19937960784256686,-0.013984489783969056,14,0.6219969636320316,812.9136669134778,411.95191698213534
-0.3359981468330936,-0.0014361621560556187,-0.0656678504771938,14,0.7931992976853932,816.7656835360694,413.4238180197768
0.02744905503051515,0.34400325634446677,-0.03582628878286455,14,0.9243390619519808,819.2576841194457,414.41067480460714
0.19519851502414998,-0.25112281107438333,-0.037053801907493925,14,1.1157425986603853,804.7886999247659,408.83343747823136
-0.037547427442316,-0.3219625992879475,-0.02451409197331507,14,0.9564003795002696,807.3979424160675,409.8398371490433
-0.2297382390894575,0.2606336615568346,-0.05064053812701639,14,1.0429023924077296,821.5106993685972,415.32321216475606
0.24722705089150415,-0.22955766689480833,-0.004528822170132763,14,0.6516272004275132,814.0754411757183,412.39584464643144
0.3163251057821951,0.06018198098132137,-0.07257955138926667,14,0.7920410647770613,810.1029912283575,410.8779246132709
-0.31037265325212765,-0.10742555642147113,-0.0008139872809211657,14,0.8458302260673866,809.213904886969,410.53819422354013
-0.2879971262356805,0.15646257392467394,-0.0725262301080483,14,0.6080599162799418,813.144033740972,412.03994286718427
0.1888082722788823,-0.2928661548379129,-0.027309040674154537,14,0.997706038629626,820.6518497236294,414.97535282910405
0.11137242524354303,0.2994839839253803,-0.04982251035849305,14,1.011771944124979,806.4912283010628,409.49011235730654
-0.12674108874367152,0.28946364577911055,-0.033929558501116196,14,1.194679748790954,803.4960973279866,408.34421622502646
-0.07512687957889848,-0.33365819789864193,-0.04347730856171843,14,0.8618852144339465,818.0708966845327,413.92999103057537
0.3295710436713039,0.08335670318900028,-0.010429304137425231,14,0.7289869799003038,815.5454805390967,412.95756404598967
0.2894187334814713,-0.15251748890745503,-0.06250122850118851,14,0.6940392195594569,811.7228733741963,411.4969007094106
0.2841806726087477,0.16989421469264449,-0.018945964219031153,14,0.7409286035299975,810.9478341312656,411.20074906271424
0.32414583512394535,-0.09946372186955739,-0.055370828176043725,14,0.8273481789486506,817.4146021345251,413.6717774789364
-0.1268126342328616,0.3239773000477035,-0.008285318545485247,14,0.9545828093123345,819.8323948983386,414.64344955267757
-0.16477695122886507,-0.26164334471853745,-0.06610572076107782,14,1.2477493454050137,802.6270781363905,408.0219179109633
0.06808511588686535,-0.31343162740414093,-0.016593779983782014,14,1.084412193799351,805.3017379887767,409.03131917778813
0.14333339864237585,0.31530124919740243,-0.06357980432094121,14,1.0724464060190007,822.0721133650788,415.55060132534555
-0.30342805494587166,-0.1475315453431668,-0.028928983119386603,14,0.6867896812685778,814.7436208331925,412.6511639836843
-0.3103146989004945,0.09118478250641222,-0.043434965620819624,14,0.9147891852374236,808.0793292873983,410.10265194118665
-0.32858631624674955,-0.0954366633433916,0.0567035150859213,15,0.5837263330380007,819.5644469917262,414.57849578045887
-0.33095544032481605,0.011702478766322053,0.010122713915483353,15,0.2524297828511074,811.2009374215435,411.23675936512893
0.13800688406408126,-0.2807232264980017,0.06608472374573172,15,0.9097970326253028,804.974024534046,408.7579250233094
0.19263751852053063,0.28209917191699346,0.03451439739474874,15,0.3992835120876461,817.6805360891407,413.8052816586332
-0.17694036460705662,0.28047538356946095,0.06684179994222145,15,0.1330730377685836,814.9614450864763,412.7274300482648
-0.2061081072624639,-0.24983213176578908,0.019537719599601856,15,0.6406381988785438,807.5180668868973,409.77288304065013
0.29863774768184354,0.12342025109649907,0.0403987176282858,15,0.5734560721744981,808.1530606313364,410.02621687023725
0.34795005195708245,-0.04302888724389,0.007211273153318992,15,0.7865296191820706,821.6358928733191,415.43771234057675
0.25608612857103147,0.23018149195035736,0.07826185554134091,15,0.9151965815920582,822.9506770395212,415.98283558263404
0.2764382142184136,-0.17624989852985573,0.02816243402484556,15,0.380776751499581,809.9800100663682,410.7527819937835
-0.03754897029336485,0.31711879288459993,0.04796762247993759,15,0.7284530098295516,806.6880566094817,409.44174642077667
-0.11490856306540702,-0.31562904522651286,0.015297184522174429,15,0.024906659296791478,813.8566267007769,412.2894784405313
0.0061587333771494,-0.3367509273755824,0.04727569738827604,15,0.22891227279517512,815.9403532317309,413.1154706543834
0.07913519625098277,0.3066406703766291,0.0017800856703080645,15,1.081165162711693,803.3542828566137,408.14709056285966
-0.2649903113263943,-0.1930543937492912,0.06090788193682186,15,0.13064381323047952,812.3594519026577,411.6959961828303
-0.30894721756622656,0.15863740052745595,0.02617429103968037,15,0.6601740023557271,820.3452884306223,414.9023815749599
0.26680321580305233,-0.21462939945178403,0.05999080023259719,15,0.6259964022477695,819.9961962125797,414.7575813571913
0.30407239542170894,0.13867544952434838,0.02613064079054342,15,0.031147813404945345,813.3059283889877,412.071180832394
-0.019341731496646426,-0.3130587320367158,0.040466271546891246,15,1.1059340486932776,803.1201716662324,408.0604399252009
-0.07056989921449555,0.3347048364228495,0.0033609895157312632,15,0.3329364885372609,817.0028632994022,413.5366511835933
0.05644600183868932,0.32821591443605463,0.04907217102849797,15,0.04531828743313393,814.0651123907454,412.3721224698967
0.09308647526924813,-0.30637802309877404,0.017814596842605016,15,0.8539345214522324,805.5020272467292,408.96857426262517
-0.2280886250283527,0.22712735519690372,0.07169391585088038,15,0.3398315709778412,810.3695096508774,410.9071801930308
-0.303949529106665,-0.17330453904208684,0.03397934497273048,15,0.8317481422289927,822.0977577923654,415.6292896299032
-0.32816438782561574,0.11552591141160719,0.04015775887716298,15,0.7622849963237802,821.38825672735,415.3349951615323
-0.3223532382511022,-0.05792521780267887,0.007573230133924994,15,0.46283981874988694,809.1993679934736,410.4433343458135
0.15553060557128773,0.27732580028440906,0.060141795825178236,15,0.6897766865604176,807.0536184715227,409.58758909603586
0.22868957606486587,-0.2503872535956096,0.021976130360086266,15,0.21350777100855245,815.7830106541495,413.0530998288172
-0.1336979770260046,-0.3091950500218633,0.07023849310326098,15,0.43995503151842497,818.0959576191605,413.96995535461275
-0.1903211199520197,0.25233957255146816,0.03496094082493526,15,1.0074516681530217,804.0510099508854,408.4049673729961
0.31831835830922406,-0.07745174928579662,0.05278140048652251,15,0.22334994355059085,811.4775654686254,411.34641512351584
0.34365142756796485,0.027920022564378977,0.014583089235712905,15,0.4918983476649835,818.6265100098728,414.18944821020045
-0.29323219798939343,-0.10360610061761742,0.10171951982215768,16,0.48517463961372453,808.8198988320112,409.9786720384899
0.08241095202130397,0.3044631230477527,0.1567131454325018,16,0.8672948562439533,822.3629857670252,415.41705927912534
0.32740898852808953,-0.06334493149051103,0.08481702751070354,16,0.4394167173123852,817.9699625494817,413.60977407899946
-0.00621149320100933,0.2958857993795763,0.11141959693335655,16,1.1073743634357944,802.9142536880607,407.6496068712599
0.27676453660330286,0.1373701186275677,0.08685605871061092,16,0.839522758318661,805.4565828960237,408.6341691792485
-0.1608316112648642,-0.2707528290326234,0.12805626549591995,16,0.22101217285750363,815.7276039260588,412.7199837840246
-0.2726799997015305,0.19058665427275306,0.09982490605216973,16,0.6103554230040488,819.7249895876834,414.331463693929
0.21219930902753323,-0.21444474741406258,0.1403124213032252,16,0.17291648964329695,811.8050443051785,411.16347295401636
-0.3233259051187383,0.029268959952220664,0.07941890120778002,16,0.087865395690533,812.6183033636352,411.4861822699824
0.03745494614620374,-0.3203295537723972,0.12349321772615031,16,0.5053494702133502,818.6468938715954,413.8878027216465
0.3084834025979497,0.07483937428922648,0.11242676815304284,16,0.05180803552730162,813.9903856945967,412.03063824113855
-0.1030067206334857,-0.2743895376443598,0.13783577803520994,16,0.6738218270994004,807.0293429959348,409.26288812551377
0.23007046378214072,-0.19594779116645605,0.09865519309171507,16,1.0126963729279688,803.8128953837639,407.9895774830837
-0.1967562260422759,0.24363374810156635,0.13760538002158487,16,0.33192761180873376,816.8663723139776,413.17185845260354
-0.2863638873768929,-0.17772508972562723,0.0914257651547969,16,0.7093454290739718,820.7413196017752,414.7497066713225
0.1283475169945636,0.2766876336973593,0.12606956605520417,16,0.3251115702176652,810.3497540534341,410.58599924894185
0.09272926288427343,-0.3042655021107803,0.08365333574709026,16,0.389487901146242,809.7341872000912,410.3417361742082
-0.31097611461149327,0.08702964575369472,0.13616787893037277,16,0.7751836489717555,821.4172803539066,415.0278799355699
-0.04822460773061672,-0.3212119297542145,0.10323758672235593,16,0.2666271072911499,816.1959322836003,412.90582115323446
0.29106059145063096,0.007198328749386714,0.1304385558510273,16,0.9485055361488555,804.4221664730889,408.2206558891644
-0.13885830282086895,0.273867956644137,0.10633858242108032,16,0.6131681781050489,807.6050406600965,409.49302623036493
0.26645738909808186,-0.1428780863605576,0.14523166453912326,16,0.019976292714688842,813.2674593638657,411.7437738536373
0.19425821738780666,0.27573376333129557,0.08011800378736789,16,0.5754957254257462,819.3670852058412,414.1841778790772
-0.2294370989574982,-0.2086750052879862,0.12161961498339086,16,0.14948726891280797,812.0290746510108,411.25237043251036
0.019151932052592743,0.3163614552278298,0.09751316363666644,16,0.23625131651692072,811.1994363197084,410.9231616575084
-0.3145208730987345,-0.04189143939843316,0.1443673577084346,16,0.6769036150993696,820.408239621654,414.6126366638795
-0.06671053605717008,0.31851228256153646,0.0939240834980792,16,0.15489631005678284,815.0487926153039,412.4506246770023
0.27797753031619926,-0.11100386686002107,0.11888826648871816,16,0.7765432163032527,806.0543569101085,408.87313241862705
-0.20273671935779042,-0.23046114524088243,0.08061002075918794,16,1.043767096813885,803.5179857870372,407.87800843781093
0.2561847958464731,0.19456648456690484,0.11848557455689633,16,0.3719937223838029,817.2777309181644,413.33508965475676
0.18257902877288923,-0.280968014332655,0.11257099851387324,16,0.934751658722746,823.0568897892541,415.7020712215859
-0.26962772984537614,0.11488278110123976,0.14292557199711664,16,0.5494783775358866,808.2095561348704,409.73468440335796
0.2710404948915151,-0.07252485789720153,0.18515774034754043,17,0.02109679683896637,811.5554035819282,412.1761373214958
-0.12755070034192786,0.21054541594327267,0.20393413373475416,17,0.9069416170751934,802.6333711071497,408.6078932747424
-0.0604625229201568,-0.2810519151730774,0.15679393631185612,17,0.46808784236371814,806.8193020813063,410.2934350141755
0.2404068704923763,0.13004848066253125,0.21488337218199985,17,0.6403734839645491,817.8230893172139,414.6938837326636
-0.25749947419880803,0.1635187485255596,0.17872440017641414,17,0.9550282729046324,821.0107076125373,416.0034525810169
0.07513606830630724,-0.25657229153361477,0.19604675703878857,17,0.2391407550009862,809.0313480234132,411.17277089803616
0.1361768635983531,0.23993593391440526,0.16998510809116774,17,0.6601601154109047,804.9869256618204,409.55572725850755
-0.24884439619403434,-0.05986039668325641,0.22740983195770295,17,0.3551414331657249,814.9362620020504,413.52010132806356
0.07479079909158845,0.2966557664404278,0.15784981788130104,17,0.45637260655838985,815.9608204823388,413.9280863394871
-0.21891858179414658,-0.13564387026204794,0.19202209830722897,17,0.8182406066337996,803.479312418473,408.94857453133443
-0.27456779406691306,0.05491138563756602,0.18182807957646355,17,0.10751558281924338,810.303086971297,411.67831450836115
0.13182831074403242,-0.23794798683748816,0.22171237973795374,17,0.8151771391787694,819.5922732684899,415.4214029997879
-0.16205443912234613,-0.24713905815503054,0.1791510897898848,17,0.5280425698742925,816.6861906053585,414.2263711729622
0.23941454216176314,0.06753067017980671,0.21738643957204234,17,0.3048746300665451,808.3962390413656,410.9203014047738
0.23947475750359565,-0.1405723834714841,0.15410077449217047,17,1.024652960147753,801.5107583271947,408.1660675091742
-0.06233523514618607,0.2709397222911111,0.19339593721708312,17,0.15572583148332986,812.9179810816761,412.71779121179804
-0.22207580208911487,-0.19563582210212452,0.16723292468147652,17,0.2240112594641308,813.60909639698,412.9925244282581
0.01252042625125004,0.25763019165410816,0.18301340011720277,17,1.0985638097726744,800.8058707420184,407.8917925006124
0.19713529160242768,-0.20290627444213546,0.16846466895525022,17,0.36660186843406956,807.7998414688032,410.6832205301777
-0.2621333800500308,0.02580844767171018,0.22555401040256362,17,0.5917279722922302,817.3307491630746,414.49142488271923
0.29480775590091907,0.005624571680860946,0.1881457665822145,17,0.7528540680414074,818.9615028357131,415.1620192072509
-0.16756889518314197,-0.2009869204249887,0.2090477676422055,17,0.047568750126915686,810.8822825816309,411.90855723264025
-0.019358963519582988,0.28482267027338826,0.15005383823123306,17,0.7466957820930794,804.1616352284298,409.2233626155502
0.20078358815301267,-0.18501604819802697,0.20764623873402172,17,0.389649799953651,815.2855204236271,413.65893906962526
-0.19277835911356886,0.21515993824904106,0.18147731529597355,17,0.28979995668295366,814.2749423551338,413.2572125312414
0.2410617720067538,-0.0078235685373738,0.21810746889152857,17,0.5964412189897064,805.5946126151752,409.80045765778266
0.2052221502228939,0.20277484538120888,0.16573796330683002,17,0.1718415403278894,809.681581037685,411.43125251970423
-0.023410050399730244,-0.28485473370521064,0.20607752953166314,17,0.8919198631604242,820.3689846906805,415.74080027005573
0.003248142573994523,-0.30766824758063444,0.1644815700440226,17,0.705328391628157,818.4804965096106,414.9642210248766
-0.19557596202977354,0.16845053100306676,0.19949773072703447,17,0.5374742724416485,806.1569802346573,410.02693685286084
-0.26379445529610523,-0.015679508014863557,0.17778723101416422,17,0.9727798086626208,802.0054724411765,408.35856305130244
0.17785210668816476,0.1869083818629784,0.2174512223445051,17,0.08854024407558136,812.2379972286316,412.447482991229
-0.21931256910110797,-0.2112207364882997,-0.21903065026167523,18,1.3763590768446587,792.9503553284517,398.9052066172854
-0.19933925532634683,0.26962722640114173,-0.20397706983175798,18,1.3997170246012465,801.9470507044358,402.6370271334225
0.21867259515323015,-0.19423883286435986,-0.23782944085712568,18,1.3837572147465638,793.9302834131307,399.3109364807982
0.1967069912666521,0.24751240573771807,-0.16799847860402722,18,1.1672538632830023,784.1126415460909,395.35689986735065
-0.2624975251796577,0.04350001286544613,-0.24372424908084506,18,1.3146108042487608,785.567719729882,395.9318686474981
-0.00398170370769017,-0.3366969105961997,-0.1861392045308839,18,1.414148212293711,797.9479241317158,400.97764443492395
0.31170550475541997,0.031563290338895426,-0.23192150902277714,18,1.4081179388644078,800.5611129002052,402.06195125829936
0.021141134003027938,-0.30275626648596204,-0.20553310274319875,18,1.3429546762853148,788.5257405545717,397.1007196715657
0.2597057088162392,0.1116437735430515,-0.2382837430537473,18,1.3553757729916522,790.1709898952092,397.7544369072294
0.17991937230381994,-0.29594707594845737,-0.17676284632900102,18,1.4111093181122953,800.0676111863955,401.8571794935942
-0.2847187755197953,0.13595838113094197,-0.21849726455027754,18,1.410392924124831,797.4515874033182,400.7716963198153
-0.15131939526865398,-0.26825411004766014,-0.1941627627497837,18,1.3333455366961058,787.2529519315532,396.59778193934307
0.27489715446895713,-0.0617810002233572,-0.21659976928073338,18,1.0291021343832272,782.74846035817,394.81784870002747
0.12063777480509083,0.2955302037392427,-0.20855649290214023,18,1.4006645990800335,796.1657939279895,400.23817395986873
-0.28512256144251086,-0.0840391696677667,-0.2623355874052307,18,1.3872633516827433,804.001590907871,403.51515587379197
-0.1043636789023251,0.30583101957681375,-0.1857043512446543,18,1.367069993417823,791.719960078785,398.3957732164888
0.17205673543966268,-0.22362742059348728,-0.24248701151792992,18,1.364455874422303,791.3737042162464,398.252409283926
0.26105736627947435,0.21912868216683024,-0.19923992537767277,18,1.392460801318353,803.1441435265588,403.1372821499763
-0.1660423387400649,-0.24745603787413356,-0.2351183166763155,18,1.3939712855519208,795.2811381601009,399.87109818753004
-0.2167810450391612,0.20512636511228835,-0.19176797832423098,18,0.9954900036846475,782.4165569013684,394.6866982726417
0.02336935477030901,0.29695281923690936,-0.20877300925208833,18,1.332035877100429,787.079479601598,396.5292349876708
0.3218983965256014,-0.0475157776898177,-0.20077802471932452,18,1.4047655776997168,796.7078205900685,400.4630804860373
-0.01185586535092189,0.2975716364272781,-0.24796182571215816,18,1.415251004209389,799.3843380145231,401.57366466625973
-0.3222521318127982,-0.05862210606107998,-0.17097328258835875,18,1.3544463025456708,790.047875916263,397.7034627401907
-0.14426639966116012,0.25415099359437965,-0.22200441033343743,18,1.3447637602184617,788.7653646568983,397.19540625222055
-0.28834640822107216,-0.15195198247649325,-0.21708856699523021,18,1.4024387858380498,801.4980291248779,402.4507117901039
0.15818771571864865,0.24125304684449242,-0.2572451384069234,18,1.4183802368378111,798.8680939889199,401.35945629132783
0.28645768373812663,-0.13063643970212668,-0.17706978658918443,18,1.3221331190415966,785.7677994374404,396.0109294063416
-0.0843779550697993,-0.26615912521653423,-0.2242859786334508,18,1.1734802555983748,784.1741241444839,395.3811944894487
-0.32210942167710027,0.08310560732086059,-0.18073479837799414,18,1.3900556753097215,794.763611650844,399.65635766360333
0.10861057856340804,-0.2993417870636334,-0.23183681269639575,18,1.3953005164099208,802.6756625523027,402.9393546222594
0.3146574580443881,0.06983078321684905,-0.19188179753292764,18,1.3764510912025,792.9625431863475,398.9102528834328
0.28983194295661663,-0.22491036807799591,-0.08921206974014313,19,1.3514289418168555,796.2148657728284,400.3169646276573
-0.04168852825440821,0.3322777535276829,-0.13675836068190175,19,1.284544084238678,788.0556908928511,396.9518451856949
-0.021550527161871398,-0.357307983993867,-0.11378733018161984,19,1.3432057971866502,795.2117377475834,399.8967736558642
0.2628583681130276,0.23255978277313566,-0.17113065296031899,19,1.374694160042039,802.8325388762606,403.1065909240444
-0.37033750457115033,0.03269367023431472,-0.12449151569514491,19,1.3698783531446248,803.6527248233629,403.452366499661
0.21672496723246917,-0.25913537535830466,-0.14544019467339311,19,1.3101823754807627,791.1832642994843,398.22004728303506
0.21222416153894394,0.2718668837098597,-0.09988209928165913,19,1.2603031857361486,786.6804786916334,396.39420935397527
-0.35528556498609376,-0.0435410393503341,-0.14006828121503076,19,1.3802622097898265,799.7102812662685,401.7903035307613
0.07865998362560714,0.3582570169431915,-0.11128072770831271,19,1.3757252016217156,799.1603652606816,401.55846887906506
-0.26832484083435615,-0.1719733333201207,-0.1548215545966184,19,1.2077007789830083,784.2339692001306,395.4021723767755
-0.3295017435217575,0.13980570836786368,-0.08989013731159869,19,1.3154810449457792,791.8296403606987,398.4821467991532
0.13724376352097803,-0.33867194352323304,-0.15227096339572743,19,1.358408043216264,805.6062472989422,404.28467426694135
-0.1585677273815046,-0.3410551130268326,-0.10050882310934758,19,1.3781663069496817,802.2411933010359,402.85729031436665
0.3277315118862437,0.12003224748430288,-0.12694866773698577,19,1.3253831483887752,793.0375818379844,398.9860617013648
0.3337198208579428,-0.07643272516711147,-0.12058800018712715,19,1.289811854915076,788.6982976611486,397.21241628838794
-0.18397590841498862,0.29283331305316557,-0.1615835627781678,19,1.3690324941159813,798.3491639487723,401.2164810633052
-0.27049910998111004,-0.2361954378918132,-0.1251331143105169,19,1.362977755715515,797.6152887974204,400.90709255965425
0.022655881522219253,0.3312072373375108,-0.1501735548369656,19,1.295689491923536,789.415301030364,397.5031545248464
0.04985908783705538,-0.35637876385276024,-0.09743386270999987,19,1.331367318295269,793.7675809819837,399.291844255541
-0.28972286582295986,0.2190093454520198,-0.13702237907008832,19,1.3815900125222922,801.65809782867,402.61146779898564
0.38019517605372066,0.04024167176175248,-0.09774882510260487,19,1.3622077999794442,804.9591060895966,404.00366700943135
-0.2141504338943589,-0.2643703930356212,-0.14623489065041692,19,1.320852632543552,792.4849115862091,398.75455879811585
-0.22191486131629168,0.25902252665031006,-0.10189218117535545,19,1.2260917038102748,785.0893211683128,395.7490096908773
0.3444572926003938,-0.02681617894179971,-0.1630311117665519,19,1.3703683583040045,798.5110797027372,401.284741819572
-0.13414732753846698,0.34580382965150247,-0.10608771969904261,19,1.386232168517663,800.4338805492067,402.09535991396046
0.30620870658886873,-0.13479972944839597,-0.12632378217498005,19,1.2442952559850222,785.9359585357548,396.0923133149583
0.29075999826694426,0.1893538313171633,-0.11747973176958941,19,1.3039864992895158,790.4274394504895,397.9135672954881
-0.07393835583527615,-0.351532225689939,-0.15987069022108072,19,1.3664932495467872,804.2292459463179,403.69541738812023
0.19481489552919487,-0.317876587996528,-0.1202796225849731,19,1.3708430248277494,803.4884304122869,403.3831029445354
-0.3254440932655499,0.0778298351500727,-0.167903136400904,19,1.3380304099471962,794.5804006843482,399.63231874337686
-0.3269944920297378,-0.12562844645074076,-0.08360815318190172,19,1.2721912242132998,787.2333849323344,396.6184077221422
0.14298602335310823,0.3219592084386169,-0.13934396613149866,19,1.3568694862691313,796.874925322077,400.59496869584405
-0.01966721598190349,0.39205626792326803,-0.013431471003750034,20,1.3677376828014007,804.1621887549031,403.4171923920253
0.3501024372201796,-0.03919123809018269,-0.06088396405294611,20,1.2430872763620204,786.0678116419056,395.99063224494137
0.2768088601957289,0.2525668358837698,-0.0344313657987033,20,1.3461164129578054,795.7163298367052,399.8810712922246
-0.21397831641553827,-0.309671736475184,-0.043441056921055474,20,1.3571537548174362,797.0558151773214,400.4411918346505
0.1950772646359707,-0.3278808111616603,-0.030683530631475563,20,1.3734271225703873,799.0278268061177,401.2670290415433
-0.3239642238143977,0.16675021438276794,-0.06149115871698375,20,1.3174405615203582,792.2321140239467,398.4258356325941
-0.35375558077127367,-0.08826558858993781,-0.008940429626780756,20,1.2971398585599658,789.7655079174459,397.4502461825201
0.140491135395546,0.35225073332127926,-0.0870470361240477,20,1.3788187706333397,802.2753669333621,402.6270308938616
-0.34367909737090924,-0.17932742447041658,-0.04092521653059591,20,1.3766827912816768,802.63906881103,402.77934162996934
0.1768433330915193,0.31049047252798345,-0.046002220658307155,20,1.2736668557395836,787.4843981065179,396.54980995816
0.13759958162213734,-0.3395138940296797,-0.01809382575710961,20,1.3059065751171306,790.8306945090656,397.8707137059169
-0.3696362547245374,0.08480391912945821,-0.0713916388009063,20,1.3867199055148434,800.6386502658638,401.9416082008997
0.37719633970793615,0.03996001915381955,-0.003555109386714129,20,1.358916075649153,797.2693737490058,400.5306256958775
-0.024923524098410223,-0.3620384914868046,-0.07756685934618916,20,1.3241192851940808,793.0436022088325,398.7647659995623
-0.20002895628581405,0.2932028718613341,-0.023721301654097554,20,1.223307915818957,785.151540882323,395.6289471654693
0.28416808184270903,-0.2691290345153667,-0.0607433845236452,20,1.3578354989456332,805.8482738093074,404.1350171873796
0.23521910665578055,0.31621870262739343,-0.02368060285477146,20,1.3615962466024714,805.2079160347052,403.8573216636409
-0.2677346274079747,-0.22592879316556083,-0.05178308719668953,20,1.2055781403118542,784.3302163083688,395.3047407661094
-0.3682793085577432,0.05602772568614467,-0.0009551386086866738,20,1.330145352179785,793.7757903332596,399.0705754917076
0.005958521589521332,-0.3727712683729179,-0.07680119422515948,20,1.364511071913127,797.9473770893794,400.814559307983
-0.12806739162507666,-0.3620644346591334,-0.02159733143336028,20,1.3814472623099845,799.9997097667414,401.6740332893419
0.3448004512160798,0.09863320994456615,-0.07025693929725108,20,1.3002555515376935,790.1440754645815,397.5996804321012
0.32510779798003003,-0.1532460222286761,-0.04039420913163554,20,1.284321015399768,788.2079738321037,396.8354313654521
-0.21087853876927112,0.32506834608854607,-0.052727034660670885,20,1.3729423688090776,803.2759657339784,403.04606073458604
0.3721336983997746,-0.10900905642147361,-0.006757644460761635,20,1.382626852924977,801.6269492982834,402.3554871560692
-0.1121311231372121,0.3363648852593024,-0.07884614408062658,20,1.2908544041379308,789.0018033161929,397.1487844622713
-0.20331942773649314,-0.30912236193002396,-0.027070296619492163,20,1.3236553214875533,792.9872290027446,398.74122087372757
0.34585749002267335,0.1553865540571976,-0.06132026442413602,20,1.37905075436965,799.7093002093229,401.5524158433536
-0.2887755097214348,0.24039064384758832,-0.037267963908783716,20,1.3515511822596478,796.3766732333601,400.1568737424904
0.2274488282177281,-0.29464443601964063,-0.045525487804824814,20,1.3406145363958806,795.0478326742506,399.6018632978164
0.003320563920395442,0.3585859578395474,-0.01481593689812699,20,1.2585626527644136,786.7847021025538,396.27361473731133
-0.38224699497045705,-0.0651418802518823,-0.06971303532113655,20,1.3641399932213034,804.7747819686572,403.6737336117731
-0.22934569709274316,0.28197481581737593,0.0033935014946060564,21,1.3310005918854844,789.5306341823033,397.69688994187806
0.3713192555828781,-0.07358827282585695,0.07736982191916221,21,1.4188753588544,801.1562756806167,402.39463558245075
0.031672936731850704,0.3918100735859537,0.02787583503388165,21,1.3947227525987984,805.0507829667861,404.0059260545206
-0.2632662399152836,-0.2554973041398867,0.06049199371992023,21,1.3635861211872171,793.778027446285,399.35315837447104
0.06880525207827876,-0.3579110423050616,0.03819475262219044,21,1.3426407125470363,791.0478773006215,398.27571150280926
-0.30045760633468843,0.24152981179738423,0.05442412535866827,21,1.4096088651407446,802.6504592442105,403.0128302763193
-0.2639030967010923,-0.2750863190749326,0.015037054247383453,21,1.401464702864273,798.6982496684087,401.3776663993051
0.3515381000774598,0.02637223764623178,0.06218037361889403,21,1.1644263277883304,786.718527920737,396.6240838001514
-0.11784821490786333,-0.3343460126318438,0.023155356737280884,21,1.0225196345012433,785.3395906058299,396.09802529350577
0.3372520501586047,0.15840275406651097,0.05370298527630677,21,1.3817074430789742,796.1400691926317,400.3216941529024
0.19481621868213492,-0.3373830908955915,0.006673862851264279,21,1.4085958936985739,802.8137966753957,403.08040854162016
-0.35070163105979274,0.08326444382928773,0.0819061640577971,21,1.3550726352633753,792.6683286462104,398.8981355143472
0.15727829637811128,0.34058409035720383,0.01767612206680368,21,1.378233668588508,795.6872765976495,400.1360302758235
-0.36618629913763256,-0.1264007984430947,0.07709006652578136,21,1.3918753585878072,805.50991340617,404.2031206718873
-0.0854446749893923,0.3706509718351321,0.03774736369203652,21,1.4043546180056516,799.0715768105603,401.532124568956
0.3121928648744405,-0.17755389405723127,0.04329261842678596,21,1.3242235019218749,788.6472676426871,397.35988950130144
0.2784795773830368,0.2260530153171732,0.03209008269016842,21,1.2769106217646276,787.8115615663812,397.04107131736845
-0.0731656640177899,-0.3733293491307637,0.04754341798218905,21,1.4088527622521354,799.6526593871663,401.77253824657225
-0.3942211394103776,0.032251853159974087,0.02177617373693126,21,1.3882624170346587,806.0924852021218,404.46259006802893
0.2564170180828856,-0.2630936865962028,0.07072700578631506,21,1.3726197301213567,794.9555221980512,399.8359804066237
-0.3617596310297173,-0.06874601228772573,0.007953098732572352,21,1.3499112060830387,791.9955570201895,398.6372471380153
0.2391077086905443,0.2980319520558708,0.08282151148331468,21,1.4044629031994749,803.4802242005277,403.3561323348157
0.2717079378950377,-0.26176648334677544,0.022269227872849726,21,1.3875573727959025,796.9016627323278,400.63435711788907
-0.026516971995023855,0.3488818274307031,0.05332424053266257,21,0.9525066576127128,784.6592597199286,395.83848205974664
0.3387449824945246,-0.1196191616020101,0.012598171844893553,21,1.243010462330267,787.4821465561197,396.9154009431669
-0.15974122837537366,0.33789165234325885,0.06972079368835934,21,1.3963588872370283,798.0386664407979,401.1047743253935
-0.3341985259204513,-0.19271123418241293,0.04282483321086514,21,1.4132889459974862,802.0570615148475,402.76732140004475
0.08337419840380228,0.3551062807347122,0.048539177827048044,21,1.3485752529874915,791.8214208836707,398.5708149696058
-0.33722803619958885,0.15675304194061865,0.0300348832699364,21,1.368569034136083,794.4275301963569,399.61948163171536
0.12675518852102205,-0.36651182854279746,0.062137806249070754,21,1.398850040893615,804.385274898374,403.73058267192476
0.3754501846231623,0.0855605470835444,0.0005243631048308195,21,1.4154449837778131,800.5042605941959,402.1248747066331
-0.17633070598709785,-0.3104632819694167,0.07534320123113748,21,1.3365620677106633,790.255550286594,397.9734422399006
0.2319481808367795,0.2745153773591187,0.11894828898955204,22,1.389958864612778,796.6215638157822,399.7508154259727
-0.3300844986666876,-0.03992193317290527,0.13023490591683143,22,1.1181866396367754,785.516804976853,395.25457779095257
-0.09178099743898739,0.35017652264861077,0.10321410468325735,22,1.3816352979048394,795.5237264105888,399.2921400993741
0.32345220320497625,-0.15312002881745276,0.16061731354619918,22,1.4004222678794502,803.65457098238,402.7026302718106
-0.022089357644659812,-0.37888007653304684,0.09231323080858046,22,1.4056461861307004,802.7984635296394,402.34331445870663
0.2638716037422158,0.19748727519376547,0.16146179766607935,22,1.3448057422892215,790.6523294336456,397.2876621525594
0.16717688669138867,-0.2996691056113509,0.10984584827370426,22,1.2867545006037875,787.1789762381643,395.9126088111757
-0.34145720429878257,0.11083279830756738,0.141776064006644,22,1.4189633415564362,800.429703759157,401.34912518929394
0.09291653271077255,-0.356942778706114,0.10165141127640423,22,1.405719083643858,798.6908002210853,400.6192921097063
-0.29976617954596974,0.14241972951349222,0.15065091878114265,22,1.3348584385462838,789.3366126249006,396.7667877432038
-0.22385306532422014,-0.2657837776055073,0.12504016098018397,22,1.3537655437322424,791.8374306094262,397.7568276073582
0.3616927933401865,0.04429228028580166,0.13392739856601207,22,1.4130476503567462,801.5854949531126,401.834220899307
-0.18469919170031554,0.3323840093144495,0.1130195241280958,22,1.3865170630272279,805.9333871761488,403.68678074456466
0.32469249239859316,-0.10589237147308324,0.14529966435561975,22,1.3609706619342714,792.7904421362065,398.15340246616677
0.019576456801389207,0.34514508281563855,0.08562297409234718,22,1.0688317894302348,785.0301391726539,395.061913410874
-0.27392033022945916,-0.2056461628711421,0.1639125894898589,22,1.3945113615411997,797.2192834515781,400.001683604093
-0.3008805715571666,0.21346005350069874,0.0961997752076874,22,1.400466243142999,798.00112904493,400.32983106291687
0.010370037513806742,-0.3199232859284833,0.15145249927255036,22,0.9622240432992903,783.9789285157974,394.6457533934911
0.33051270023733753,0.1347996252018147,0.11058542594789054,22,1.370885711903002,794.1018927805752,398.6997774688818
-0.20004438012112513,-0.3040844203368871,0.15259458466101064,22,1.3928365621639107,804.8977334678988,403.22626420360893
0.35984567481844904,-0.07078746267442242,0.1267557183457874,22,1.4136661960929684,801.4841262889851,401.7916755811256
-0.24268081077767253,0.24738127330995055,0.1290341107188708,22,1.3556441274472204,792.0859084114825,397.8598804663783
-0.3209616423020006,-0.14275897479733016,0.09250828071550626,22,1.3301046977865962,788.7078415746169,396.51786582683127
0.08045235123946337,0.3388832347984269,0.16035402844472144,22,1.4090539507033122,799.1286512631716,400.80306203566835
-0.3399521255104889,-0.13923711639322472,0.11591142239441672,22,1.4159839604034297,800.0385262041422,401.1849445355709
0.18345758964449294,0.27983767161110135,0.1371392201955733,22,1.3237312683659677,787.8648364312356,396.1841315435692
0.2904609749036697,-0.20667333697968218,0.0848273442021513,22,1.3425543110337463,790.3545355768263,397.1697696104489
-0.01071080688418705,0.34855685458971675,0.1761956319186398,22,1.4052783678662613,802.8587424127106,402.36861403507913
0.3457548155552689,0.15440047582051647,0.10965866620990775,22,1.3942634713241655,804.6638883907508,403.12624964821924
-0.07870578612763676,-0.33388388430928473,0.14862640659896592,22,1.371535167764697,794.187795454893,398.7355661385624
-0.3339111564103976,0.06616633677297096,0.11460065764742827,22,1.2278509707752623,786.5981552328486,395.68266966616045
0.2465861899833475,-0.25221017747327085,0.133373115595323,22,1.384243902424024,795.8687631061553,399.43588887580455
0.26660769075886415,0.11928080490330607,0.21527342069688918,23,1.338713469006933,786.6057034447304,396.41347342981135
0.3271319525878114,-0.06732001931017284,0.19062436420798604,23,1.4078294128416569,797.8438892627709,401.1815894731089
-0.15410703152804156,0.2596097361684545,0.24521674152491726,23,1.4059561244509777,800.104142566584,402.1562906240694
-0.09544624459977007,-0.29607548040541865,0.19579953609947418,23,1.353777206319556,789.0594314902254,397.42252658863646
0.08810450615627767,-0.2627888700109087,0.24838190596819598,23,1.3684267467985847,791.4456911269283,398.42953924459925
0.1577364921925209,0.2901998341261127,0.21283611186509613,23,1.3961537756986966,802.1596012352264,403.0426770864619
-0.2983336921048367,-0.07370416518033969,0.22533903594540983,23,1.3967249420477759,796.0453735008313,400.4060058780198
-0.2910333884914237,0.12665476210453766,0.16712160612553775,23,1.3015318978261528,784.4660479549601,395.533577169623
-0.20620249668193305,-0.1808321739446476,0.2262759637680057,23,1.257770058522413,782.8326922729123,394.86188793597665
-0.32375509393316276,0.03346625789459478,0.1925118364964826,23,1.3874426762715282,794.5419879172254,399.7576928521275
0.18327582131278994,-0.2516735295522998,0.2440378520944586,23,1.389645509982665,803.5243222344392,403.6389843106928
0.006080814298537957,0.3268442438807643,0.18363293908788572,23,1.37724777988817,792.882546791161,399.0456378127354
-0.010062631091440935,0.3044262167709114,0.2110402546551663,23,1.3632885242966581,790.608727470744,398.07066387319406
-0.19373452137413752,-0.28614374972388257,0.18404295865192782,23,1.3996402627015136,801.4285182964173,402.7274082709257
0.28305787839855656,0.0395774581784768,0.25325467597728446,23,1.3992818675694443,796.4595013722252,400.5845924604226
0.22581332875638876,-0.19297803420622628,0.20260566785718467,23,1.313320293424674,784.9060350130777,395.7145142264623
-0.2544096204991455,0.10112080916667232,0.23580986648457206,23,1.3339054703711193,785.8225298636621,396.0914068595831
-0.27369472678172074,-0.16451176291135375,0.2118835957926285,23,1.4036132529580492,797.1610264639687,400.8871148870889
0.08981043389480928,0.3068018046572153,0.22369609752260164,23,1.4029412479811152,800.7363332926508,402.42891362047624
0.14604042458046873,-0.290318355365496,0.1746183870169875,23,1.3580802275593793,789.7603494415539,397.71076695584577
-0.13612811332658808,-0.26385895250916575,0.23107346291150446,23,1.3813233718340934,793.54641884709,399.33029453453764
-0.08427211197516693,0.3363060815902819,0.19249316174801015,23,1.3872468540164418,804.0272974216582,403.86313333026493
0.2404481701047345,-0.15720608347992399,0.24418552488684944,23,1.3838928640493389,793.9649627303496,399.50975882841027
0.28260232974345845,0.10853624951567785,0.18382489458109347,23,1.238502090474635,782.1135395683398,394.5661488423315
0.2896616555630478,-0.02216776310428103,0.2076555205300022,23,1.279117424662247,783.6294558993047,395.18954317695756
0.2691212169392117,0.20458489839509947,0.17251748868119146,23,1.3918325496523722,795.2529859120796,400.0643003295929
-0.05650128822770392,-0.2867862486176514,0.26479661407421945,23,1.3925327450548377,802.9188966872075,403.3701121353197
-0.21351315647293242,0.22931675309597044,0.20351141372940562,23,1.3730215685768006,792.194140388043,398.7504611921364
0.1971390920256568,0.20637570804779776,0.22977193382043623,23,1.3500566202283937,788.4533862407563,397.1733009768209
0.05197655569387698,-0.324951871701456,0.20512225070482185,23,1.4088260773748014,799.5023409203717,401.8967724735048
-0.23819329634043113,0.19430101387086893,0.2331126145089885,23,1.411734655935955,798.4763949795828,401.45434830466354
-0.3133571068867746,-0.019433909542827373,0.18415686915485427,23,1.3423640697748003,787.200348804054,396.6580110342569
-0.13826119703785028,-0.33206999083635713,-0.2281595003733349,24,1.2646926054545247,778.7919803569812,389.30034365962797
-0.29109375288590456,0.17267185252367542,-0.24438727489939324,24,1.300313704730515,774.6820574421384,387.5107969357394
0.34666849823956153,-0.009889956584223833,-0.19658847726757217,24,1.3585329398587838,765.5562735355799,383.7160528308326
0.04044351060013218,0.3336413736548667,-0.2921390587750517,24,1.3120145128531648,787.9255141064492,393.4404089979828
-0.00830536668730037,0.3913910339609269,-0.1993032792698616,24,1.249500000385479,785.0947186866703,392.1502665917388
-0.3121875880334258,-0.039416570186950745,-0.2563518450028052,24,1.3400343690750902,769.0748390994711,385.17212218942535
0.31024897583759786,0.14583424021922653,-0.22727905544293486,24,1.3260885905660698,771.706708240478,386.2698297370055
0.16112292202384104,-0.29892744177212105,-0.26648220068183864,24,1.2408030722897743,781.5023816620328,390.5187225284071
0.3690245269999261,0.04475538961295874,-0.21890150338489003,24,1.2419248558096116,781.3764131447361,390.46151097360234
0.008786324203272605,-0.30788025196698116,-0.2780762950786221,24,1.3108001809537908,773.4721394496569,387.0061608610932
-0.1776370477924971,0.2994390105719712,-0.2127212463005167,24,1.3345617860222312,770.1076335360887,385.6028830621867
-0.3294120470570417,-0.13718601400999159,-0.24842303535052018,24,1.227666373167429,782.9775419593195,391.18870115485396
0.32656159336565577,-0.17602516669572685,-0.237026802553329,24,1.2593254736741224,785.5396378531923,392.35233706002253
0.136285518597255,0.28989278172321065,-0.2423884170401537,24,1.35072041615348,767.0502732489123,384.3309963588266
-0.0467261150979643,-0.36981492240910435,-0.1973403614372378,24,1.2822654080068605,776.7644498945361,388.40412140415975
-0.3244512364096536,0.006895291438965325,-0.2743316687416216,24,1.2689755310996722,778.297821147711,389.08191217891994
0.07567310498490808,-0.36392514693005484,-0.20322123513419618,24,1.274445068414887,777.6667520004279,388.8029628733433
0.30461629314286537,0.10561773064050937,-0.2691766627643481,24,1.2896722117437878,775.9098610968047,388.02637048303325
-0.2736290789169323,-0.19650376226350733,-0.22207269954491432,24,1.3461397382365452,767.9226242783269,384.69155311936896
-0.22865531088056953,0.26988813346441015,-0.26415880402030567,24,1.2722198823642368,786.1235252038231,392.61752318650304
0.2127539996897636,0.30881726178711844,-0.22316384962876332,24,1.220986901857206,783.7276003105035,391.52935773624756
0.25197027151222023,-0.22106379330577072,-0.2351828410325266,24,1.330799107447518,770.8177321241245,385.89905302271706
-0.3488565601689427,0.08448715144122555,-0.205625883331548,24,1.3162277514715646,772.8459123849026,386.74497227661186
-0.09540969956649026,-0.30307411290837405,-0.2893245087483722,24,1.248907513072445,780.5923091116179,390.10539174773504
-0.2726353397607178,0.23099798060063795,-0.24435504277809902,24,1.2356223081623803,782.0841455799823,390.7829442481626
-0.19050734836518476,-0.2652293479864942,-0.25313219012545074,24,1.3182831245784399,772.6087657161531,386.6460624622469
0.1171648384636018,0.33785823327965997,-0.18816231736745545,24,1.3446229510183136,768.2088747354495,384.81094328295495
0.33423808866412874,-0.06950604339834891,-0.27450035385585086,24,1.2366908464586892,784.5146918603243,391.8868338128521
-0.37062294258802914,-0.11670784202902454,-0.21441853235740008,24,1.2963465273947905,787.2160330640168,393.11371123935487
-0.070299020531653,0.2902259200057759,-0.26171602283999684,24,1.3625767718944732,764.7829659425439,383.3977525692981
0.23499357315421915,-0.26784218664431425,-0.21999861487560537,24,1.2948771175132006,775.3093248436822,387.7724194268797
0.2846891994775065,0.19615680276158814,-0.2516823573166721,24,1.2576894794994387,779.5999932601018,389.65750679966226
0.3405187829669004,0.20748951277820463,-0.12475793401943523,25,1.327104947340483,776.226932486658,388.6196460081581
0.02529718518187883,-0.3865330949243007,-0.1903402811665677,25,1.3042728717347583,782.7722002583643,391.49442561003207
-0.1874895247782505,0.3789440374231234,-0.11031625491844411,25,1.2993683505487001,785.2573646993347,392.62143466234613
-0.3649055358784413,-0.057494095547804804,-0.15898908477982804,25,1.3584449123127733,768.7368894084334,385.5751615942187
0.3798128000164752,-0.10380249714765713,-0.10793941066393052,25,1.3447250854473742,771.6613768267368,386.7622492608829
0.2788232064645119,0.30415465978588757,-0.15322259204823338,25,1.3227212272675912,786.746115508548,393.2965753536269
-0.13841406873516204,-0.38187174573470095,-0.13603277094213564,25,1.3096429263932794,781.2652497951718,390.8110314710336
-0.2985659502407851,0.2307673558674047,-0.16511249219925955,25,1.3369119719829738,773.3954434554445,387.46771644946506
-0.2510228275999337,-0.31403424350302467,-0.09931595394397319,25,1.33322943730683,774.45866669824,387.90026563731794
-0.3632182930941393,0.14638892950659863,-0.16067992422313232,25,1.3180341224063894,778.8458655719959,389.74316633013643
0.30490459088957983,-0.2983113374984981,-0.12709078767229415,25,1.358790503389804,789.0455394579425,394.3427199752862
0.10143421120959464,0.3527773750781611,-0.17271583331901882,25,1.3505604457791858,770.4203224748386,386.25735336471786
-0.07257475464069311,0.3687239940893503,-0.13141948190653213,25,1.3675593346704629,766.7632655774385,384.7865497206338
-0.3550433932791011,-0.17933976199188148,-0.18221798971943162,25,1.3035490872877173,785.5238875469582,392.74230137722753
0.41262616801825835,0.03168162732948268,-0.11945816021592523,25,1.3056998906177413,782.3717486981026,391.31282292572354
0.21816542493424113,-0.32684718700746085,-0.15322134876471036,25,1.3205299597792985,778.1252661646623,389.4255456091196
-0.40266154693360334,0.042066823680754956,-0.11534006856462728,25,1.3218916243885874,777.7321256815959,389.2522599216465
-0.16065116145424124,-0.36620461739975135,-0.1541678134337075,25,1.3092699780925592,781.3699069449134,390.85849294006294
0.008022687424020505,0.4143869523795307,-0.14675041687520393,25,1.3192983572888315,786.5279068265063,393.1976188596822
0.3185639298650425,-0.17202014150603323,-0.1675201994651734,25,1.3657497684838604,767.1551064214858,384.94311975050397
-0.31790992975502036,-0.22022520708053334,-0.11996121578935283,25,1.352266543229743,770.0574726171814,386.10973581374196
-0.11844781166218477,0.38062886757921455,-0.1932682287440268,25,1.3436200690626459,788.0784210745186,393.9007689468328
0.26551585431250724,-0.3178167849258089,-0.09761728204992226,25,1.3144040151346814,779.8939519485137,390.2051344461378
0.3768067483485986,0.08214815871394478,-0.15310402360484104,25,1.3318730270118622,774.8502901530629,388.05958909875994
0.0855805984186534,-0.37973982710291193,-0.13199272222305233,25,1.3385087373318652,772.983459002127,387.3001095598509
0.2892909968607421,0.2612771675940356,-0.17226122974803132,25,1.3132493341841267,780.2273320067101,390.3520793553055
-0.4020525034117854,-0.1436964967333782,-0.11540694891552156,25,1.3382897003404597,787.7386089458424,393.74666592701226
-0.2218926065169178,0.31340662738890573,-0.1408932744454525,25,1.342999044163184,772.0284683044683,386.91159242247795
0.19697372248528072,0.3359846809947446,-0.09712056313050964,25,1.360186688542931,768.3597277034792,385.424456989766
0.4010706918520291,-0.01473476295581776,-0.16722084519380845,25,1.2989950162380166,784.2532776944862,392.1660864668226
-0.37526799618522294,0.17114201589753256,-0.13410555361532878,25,1.300783462187036,783.7514020856424,391.9384885079199
-0.05067277985805462,-0.3700863375884858,-0.18897092254944714,25,1.3257737863477292,776.6112659503908,388.7760036957169
0.12564776149583573,-0.37254930299579053,-0.08216778030012949,26,1.3595842636464135,769.0709400890869,384.65735753664177
-0.39319136342459976,0.16596131350411253,-0.014253877800414346,26,1.3118576366077275,781.0787983452866,389.9653677485375
-0.2082243332374427,-0.3781959547946563,-0.06993877838293587,26,1.302374148074787,785.8727847267571,392.22802855658273
0.39983758308872025,0.09513031139461667,-0.043470202114076935,26,1.3345990249460429,774.5820735252872,387.04668137954695
-0.1448671577303165,0.3902978061424677,-0.051298066714962454,26,1.324372964580271,777.5034387120023,388.3149851151399
0.3920438495904409,-0.20332025019085798,-0.028338346953954263,26,1.3401595925611915,788.2702026418366,393.3622855919401
0.23216306785509325,0.35250302889008317,-0.08213199352769114,26,1.3069134699528702,782.4711847846047,390.6186768279627
-0.39130910451687007,-0.10569047431285995,-0.00946275936259902,26,1.3510836050330934,770.8674477720622,385.433985458965
0.15396445623942176,0.37412341385974485,-0.06133407472551357,26,1.342657440416477,772.640628256916,386.2038075418213
-0.3856059620516344,-0.1932242664429759,-0.04120871583513203,26,1.3014984793278406,783.9835461218986,391.33419933909374
-0.22450109816178396,0.3711886341634347,-0.0985979041553546,26,1.357108899040813,789.3456053942651,393.8710759576551
0.4058255552701039,-0.1141778120259362,-0.021315609562580544,26,1.3199738863449662,778.7601606117938,388.892908016823
-0.12521677873580994,-0.38450337331171824,-0.07120945493473974,26,1.3394819495040253,773.308870425445,386.4939232871859
0.39385747916674346,0.18438892043392258,-0.002531559028522662,26,1.2988202136332676,784.7315632040983,391.68809827040474
0.2075844156137011,-0.3649273252052319,-0.05625068449350815,26,1.3175410195953807,779.4551782404736,389.2143805818658
-0.3889547811079468,0.07826990930939129,-0.029632486825678456,26,1.3681398404085383,767.2475060503787,383.8757122421661
-0.3188126639158632,-0.2326401192890388,-0.0558551970485102,26,1.366466485390293,767.6041450688747,384.0285914824984
0.048298768781720854,0.42005144624585145,-0.0347547911569132,26,1.3164537220461712,779.7657957309094,389.35805319861254
0.42992586038468744,-0.0045585347033178375,-0.07877299699058503,26,1.3005498861206393,785.757038614726,392.1732672064398
-0.27300854112927814,0.30996579560074494,-0.005163409096320418,26,1.3349406158240318,774.4844883689942,387.0043150164411
0.3257371917074944,0.2488719103383991,-0.0902295792062841,26,1.3239131261486408,777.6348046474288,388.3723873083948
-0.0816998079259496,-0.4346894465252261,-0.0193541091013379,26,1.3415086906490068,788.3558004684306,393.40278330258747
-0.42679983998927734,0.034994332754557524,-0.06162726890858345,26,1.3025412700012253,783.6923034575017,391.1964077429725
0.27557883344689177,-0.29938120601831386,-0.0358526582640057,26,1.344244424188463,772.3066674595307,386.0588192573057
-0.3134087741369218,0.24496836628287377,-0.07460380138592669,26,1.3527005882114749,770.5271739764863,385.2862564013259
0.06310860658369827,-0.42464266530499206,-0.007109420771179178,26,1.307971916008735,782.175569703555,390.47881657108826
0.4364489454440438,0.029770733014852665,-0.050574234298670286,26,1.3243951040786837,787.2699744422284,392.88906151814285
-0.29271238333326693,-0.29613472425926896,-0.02364572432868755,26,1.328362987105911,776.3635752177842,387.82011609487597
0.33948820716783995,-0.22968601744378733,-0.06953059547136697,26,1.3305370931315745,775.7424799544647,387.5504690660795
-0.05583137762193419,0.4331689609968504,-0.04950392514703904,26,1.318357355922772,786.886890273378,392.7078182268003
-0.41750560767453554,-0.020411059587307642,-0.09039043420506464,26,1.3107874025407331,781.384541166385,390.10678564196365
0.26240792760928655,0.3046326797312556,-0.01611811658916741,26,1.3579428288841147,769.4207760032645,384.8073205132841
-0.12173873117015276,0.417209556655973,0.02420815337690349,27,1.2256242637847958,784.9778223152575,392.3666344301764
-0.2885763149269535,-0.2936681088923543,0.09306874119364729,27,1.2808277793453513,778.7671197702804,389.70018166320995
0.27446238978618165,0.28639235012284125,0.039073145063867845,27,1.358684011671474,767.4298155735167,385.0850558085669
0.11470424324372484,-0.41086023039481084,0.06464209644888294,27,1.2417218849125016,783.1945532850004,391.58908347238525
-0.4171245548256603,-0.06664766800949305,0.03462469922867064,27,1.2736196476979795,779.5929675874826,390.0483504778339
-0.36598475849257595,0.17590099111507929,0.05579604946544569,27,1.3297668759221437,772.890735732348,387.2911972424816
0.36932607001934287,-0.1834224996569562,0.00455325778488673,27,1.3215798509126329,774.0980861015379,387.7827146590808
0.42983494682920265,0.07400899636190406,0.07914505830362205,27,1.2909789916208119,788.6931458863551,393.98661063802575
0.420537633503445,-0.12092252584752256,0.04769830848953313,27,1.25861996653596,787.2476220152497,393.35632521758873
0.2939439737382871,0.2849468660432919,0.06891308657297675,27,1.3100279911511825,775.4216021852235,388.32152362695075
-0.28806348044332575,-0.28602809463919326,0.01536340400462039,27,1.3390950656328728,771.1426213123408,386.5795325049139
-0.399332459693946,0.12040594226894975,0.08882796681471825,27,1.2626713399098368,780.8473337022015,390.57717813126965
0.06867302988047974,0.42324819677284625,0.009599495487376684,27,1.2524149801349138,782.0099890940282,391.07258315435826
0.1749266997478685,-0.35355713064633265,0.07938369362718602,27,1.34899911942368,769.2812501176807,385.82393403828064
-0.1812384092571281,0.37729717363235465,0.027132506577088465,27,1.2919971157990535,777.4874300280363,389.1625308360837
-0.06428525064112067,-0.4301510328531005,0.05557358921583399,27,1.2408926445928747,786.4557172229297,393.01103445141695
0.3903370511821046,0.20019369907632728,0.025890720545825054,27,1.251075045927613,786.910579634759,393.2093661097254
0.4076064681171978,-0.075703465276385,0.04864929531790981,27,1.3004918483970582,776.5141741668817,388.766314278925
-0.392662046870941,0.07800784236844452,0.006650290050539931,27,1.3540778085980865,768.3103709033343,385.4364715069028
-0.37364636905474785,-0.19714652560809642,0.08046163422801188,27,1.2475090456007216,782.5534607691217,391.30955072028985
0.29259928249116496,-0.31237084217350247,0.012594253998412318,27,1.2553430193329018,781.6856255387099,390.9311523389114
0.10215377865944918,0.38299283751872043,0.0827354394027828,27,1.3424586234882814,770.5122863629127,386.32292049414934
-0.10103490252308392,-0.3993933795474236,0.041388605397348135,27,1.3146316655760315,774.8941514308721,388.10679620500434
-0.2943211269509848,0.32187731022396077,0.07161051346173064,27,1.2775767008584404,788.0944464146095,393.7255623386462
-0.2067671453034076,-0.3933592714883136,0.0027642147339948676,27,1.302601204496104,789.2123267362801,394.21298678221746
-0.07411447847510035,0.39757947806547983,0.07023000428048135,27,1.328219090461735,773.1807926636844,387.4092806399736
0.06968749877957792,-0.400553634729979,0.03134864280581592,27,1.3351482176083977,771.8822655690636,386.88064479472155
0.19120413168479095,0.3754384845121413,0.05466785155088143,27,1.2693324936484869,780.0841540678342,390.25542956802593
-0.3175096807945698,0.2923574920802665,0.03847157270814816,27,1.233851699306253,784.0664000095977,391.96923096794285
-0.38057888829947556,-0.0993563177802884,0.056917935272655894,27,1.3616629253837491,766.8603447306949,384.85778900643004
0.40551781739852427,0.11094425130072513,0.019514770912193107,27,1.2860236485239913,778.1718202627843,389.4492096081244
0.31037229600527017,-0.293065639072516,0.09345854364341337,27,1.225479899516403,785.7672078853066,392.7108267509334
0.17215829958597242,0.3925355288747882,0.10532909293050706,28,1.2712085647457743,787.3452424378734,392.53420867797985
0.32202767547041167,-0.2217610704852075,0.15577087026103914,28,1.2859728196277713,777.6711499082804,387.9879252528171
-0.3620692627647247,0.11418360341214716,0.12399279229804439,28,1.3566627216148985,767.3144221024419,383.4109448853764
-0.0395479777001064,-0.38082494335180395,0.187684589740867,28,1.2628543163994246,780.320613957806,389.211273093599
0.09910969322916131,-0.39314436853755774,0.1424319988150087,28,1.2488758101494388,781.9015244029514,389.9509652470819
0.3706739723266073,0.02088023744071563,0.17124114292266596,28,1.332397810723985,771.8895907250346,385.42138934096823
-0.3371536193389846,-0.20965646682234132,0.10673952174002468,28,1.326575012962958,772.9810943801646,385.9038313135482
-0.2832053614796242,0.2984027462895038,0.1531078840981007,28,1.2461122654968009,786.2167337854073,391.998690022441
-0.3942295776641539,-0.1363775540187814,0.12692279490371772,28,1.222472941163956,784.8457538774645,391.34810988247654
-0.05345614288845775,0.37090634716986487,0.1774129109120821,28,1.312262819009631,774.6582209337574,386.64511718921045
0.16109309916225734,-0.35851796688834126,0.1004056246053965,28,1.3405510596675418,770.3612359051847,384.74586021138174
0.3235866990396152,0.2332077363614766,0.16694223275489423,28,1.2377324399391358,783.1441408412114,390.54063222297384
-0.34345832101514284,0.22088026116412265,0.11379713205861887,28,1.2732842960268627,779.1253005853425,388.6593561753367
-0.25841286818675424,-0.27078505942603043,0.146564592187744,28,1.3500213356972057,768.5788458161909,383.9612101451871
0.11439512425552097,0.37967075320422017,0.13022223239568814,28,1.300727087693321,775.980257447353,387.2294541270156
0.40468097617439835,-0.036465753608810145,0.18073103254773493,28,1.3057385966547896,788.8979590114473,393.271029516789
-0.1392786935670557,0.3951949901063463,0.14363357025134524,28,1.2875642966224108,788.0807128256419,392.88321629292886
-0.3810534663050234,-0.05216694211814179,0.1666026397493694,28,1.2932823793473247,776.833447938411,387.6065622581317
0.3500179547853583,0.15948340887729515,0.11277062980594459,28,1.3529525076244764,768.0207931235981,383.7183508832652
0.23016517701660297,-0.3237370865004645,0.15148200279477758,28,1.268213684527968,779.7064109947293,388.92767465458024
-0.22596371094307818,-0.3551017937496125,0.10675774249095941,28,1.230040616855298,784.0018693043048,390.9476557689338
-0.2670206153638609,0.2583483039588487,0.15807469428178922,28,1.3454140711143845,769.4496475267089,384.3429403554326
0.38167522165863516,-0.11273298426472675,0.12003393773927627,28,1.3077774441176335,775.1722611122073,386.8723217033787
0.0380839725082042,0.39022202794988053,0.18814824453822046,28,1.2272948518451785,784.3080542979632,391.09295175385324
0.38770655840816654,-0.1665888975723935,0.11453546770391561,28,1.22825852177905,785.4139020983721,391.61771700577367
0.22190164541388746,0.318322562418241,0.14218014107710675,28,1.3179320041400555,774.0085118221941,386.35794733511733
-0.11314705209697086,-0.3672201274323529,0.13574777065545054,28,1.3357830643193933,771.255013186096,385.1409076053353
-0.3899105789934405,0.04235731682079943,0.17808455653627306,28,1.24465500971399,782.3721931418268,390.17431478870566
0.39578574757020185,0.1023768780460811,0.12741019954630756,28,1.2552830890062054,781.187037682895,389.6119151503999
0.01813051018260058,-0.3544637242730731,0.17806600787629656,28,1.3625366377329742,766.1961135258417,382.92426755343456
-0.21961450988636202,0.3475988828689179,0.09557079050296638,28,1.280776865084993,778.2666250836447,388.2628764340387
-0.2973072829479879,-0.27876500972950596,0.16694080349033416,28,1.261234696881797,786.8967461846454,392.3213807922406
0.38864054019105065,0.036450971389122976,0.21126926882276248,29,1.2887477304507238,787.2009721853082,393.273932372789
0.2756612393535269,-0.1621072739538733,0.2398239771872007,29,1.3462821692510745,765.9097728879517,384.13639844832255
-0.31627371680466415,0.1373432642166503,0.22879389507191028,29,1.307050272187165,772.7686417074912,386.9747637117504
-0.328158086766176,-0.05559812361434897,0.27263480128706225,29,1.2411846451098834,780.7350485709871,390.39328114689334
0.019806580305310555,-0.3626367474433648,0.22462433251418268,29,1.25406518824854,779.1963040434792,389.71311700732963
0.1513807017287169,0.2771314521540874,0.27523408602574345,29,1.286674899759854,775.2403942121105,387.99942371826666
-0.14464998345374963,-0.32039355472507053,0.20644289702817778,29,1.3262442787205342,769.7826631672787,385.73693234119304
-0.0625534392839245,0.35385531412462085,0.2467062328254449,29,1.2185919906093101,783.4129014029211,391.58629864960454
-0.06737478637666304,-0.3614078734543822,0.23798022524073364,29,1.2302763654406206,784.3910823436083,392.0220907025291
-0.1321543841377268,0.2812433971441844,0.2625352248737262,29,1.3284347156986975,769.3606083756029,385.5619703800822
0.18306014489207761,-0.32342400780681807,0.19482683214026847,29,1.283807482624198,775.5882428471295,388.1436236670719
0.021536002309320745,0.3360545687899368,0.2588510870260254,29,1.2632578578303852,778.0811340438082,389.22769305205674
-0.37284525129767315,0.059553781793045234,0.21089827337002637,29,1.2322190463165352,781.7977193659635,390.86671450473443
-0.30994940388673287,-0.12907303294989986,0.24063624797726962,29,1.3099810278436397,772.4131094265397,386.827378523049
0.29978238388782985,0.1702182561968684,0.20411485910091146,29,1.344001920740309,766.3525179713686,384.318534138708
0.32452945402391137,-0.027380763905516733,0.2985998065917725,29,1.2689469396791826,786.2494287958737,392.8500076878149
-0.2598656874556539,0.2712148768863216,0.23001339539300814,29,1.2550853403639988,785.5832981676812,392.5532380188292
-0.06768612457494758,-0.29216042531475256,0.2681520273996448,29,1.3397965154778968,767.1690616484802,384.65444243431864
0.10757298109198409,0.34328200143311594,0.19976657211071028,29,1.3163642557258288,771.6387550160059,386.50637146677593
0.2105488712865468,-0.28068702758908404,0.25525062283977584,29,1.2265256819059827,782.4725401139922,391.16735573265794
-0.2743976703474013,-0.2592166307551575,0.19145686889763552,29,1.2692008202436964,777.3601885846582,388.9138716648065
-0.3236368322661809,0.0701040549213318,0.2602000446592639,29,1.2776676590260176,776.3330696919327,388.466775602691
0.3208517668968043,-0.11179625177720655,0.22072605735042428,29,1.3325469726072807,768.5682560960478,385.23350234357173
0.2618262810184172,0.21281270780450628,0.2814097908621354,29,1.2442964557217773,785.0648293863519,392.322253581089
0.2947374654430102,-0.23497426705452776,0.2159945151038485,29,1.22436631138405,782.728485092357,391.2813824765024
0.31680094186114527,0.10504459004564509,0.23688073289796954,29,1.322181027341315,770.5655730302325,386.06148604298016
-0.3465442613088645,-0.06956685823450232,0.22191026381478843,29,1.2928827493572843,774.4873150796682,387.68723628553886
-0.23747112512535382,0.22016716266215314,0.2805951180975483,29,1.248227677890084,779.9002548872531,390.0213699410307
0.21559104945169016,0.28187557410256114,0.24069576767301434,29,1.2469743532315616,780.0488084353133,390.0875524365032
0.10199263524354618,-0.3089390717552911,0.2582618099412239,29,1.3007365000116446,773.5345703914509,387.2922779000967
-0.08439918760532544,0.3408085459287717,0.18751731986289213,29,1.3505431508685515,765.0824382124717,383.7960509708635
-0.24854044408176024,-0.2545348937693642,0.2677158800190904,29,1.3023949670485993,787.8568014356946,393.5710412745924
0.33640414145094766,0.10470363173836651,-0.3027219516998141,30,1.4005387804034513,755.6134582421604,377.6938254761324
-0.3843759069406948,-0.2008553085358825,-0.2358936260855823,30,1.2962172792895053,767.6396373529857,383.78251334650764
-0.10786738703612705,0.35952463692489245,-0.29315220713892715,30,1.3317431530578987,760.686692254348,380.1389436875233
0.18231695865220177,-0.3369232018805351,-0.2295480516301085,30,1.3080140206497304,747.7449142803638,373.9902243085397
-0.24399870393756257,-0.28445050023889307,-0.26594954844649177,30,1.4015614430692926,753.4678476020271,376.6658921730125
0.03182188332064918,0.4028988446824475,-0.26716031932462725,30,1.283728433144509,764.0041678448935,381.85464080950845
0.2984647380527911,-0.23626436294975683,-0.3167423884445722,30,1.302085319322242,768.2354528316473,384.0984715180378
-0.406677851219582,0.046249037496826656,-0.23041276447305645,30,1.3701926821686499,757.8512873548842,378.7659394135975
0.3648171894433532,-0.10249222172140866,-0.2839611280869943,30,1.3477702224643202,759.5047992072806,379.5662527105884
-0.3669689268137754,0.20777291621539415,-0.26359215087530163,30,1.3102581218736202,769.0652839570299,384.55836274725044
-0.10770060090491451,-0.33955199902825917,-0.3256088031612151,30,1.2946118697028381,763.2708124982447,381.4657458869906
0.18533234165961066,0.36070562809837786,-0.20722432996419457,30,1.371715240651591,751.6859799869263,375.8122232784552
-0.21821521071535263,0.2726082091022455,-0.28348129011543755,30,1.3309608991231707,749.1803241274845,374.6465569335689
0.04427440089091911,-0.4144766683870761,-0.23986882625744496,30,1.3044981844074588,762.604645914884,381.1124808525105
0.30713782994054795,0.25422689983254354,-0.28385718700524376,30,1.2796522778122716,765.9576985405156,382.89058903294745
-0.38365657126468816,-0.03774758160848318,-0.2532609487021862,30,1.4139775890884456,754.2091120411764,377.0210220316958
-0.2825339003339804,0.2444290198804397,-0.2725229418100099,30,1.4127319333152166,754.7142918204768,377.2630468937526
0.4098737565558549,-0.028740083201442886,-0.2641787418669175,30,1.2759711913882466,765.5839368999185,382.6923849768587
0.22779519055789152,0.2972575319499243,-0.2974817543450106,30,1.3199942252724444,761.5530999367508,380.5587649761672
-0.05194200573373975,-0.38656446749518714,-0.23012974205417938,30,1.3533421392820142,750.5803512619796,375.28671102345373
0.11109292180424953,-0.31899555575895105,-0.30433836645641177,30,1.3663391382694647,751.3650177889183,375.6584545907894
-0.18765844427145348,0.38577439054402685,-0.22232154642889893,30,1.2912893501828375,763.494692836158,381.5844685867895
-0.38560430778519234,-0.09707819324636627,-0.3020913307034967,30,1.3182744728420224,769.8792296633837,385.01000399191025
0.34480679030479994,0.20493340303902433,-0.24712801983531008,30,1.361822262485725,758.4685518449427,379.0641349294948
-0.2847469302843678,-0.21583050921966662,-0.3039672623141272,30,1.373659353213871,757.5956427138761,378.643463492132
0.4303978491109903,0.06088384651438266,-0.23854703951120382,30,1.304538486422008,768.4845368395323,384.2361184637168
0.26711619180583845,-0.2979169056505456,-0.27717029617355105,30,1.2703880340857232,764.9030799599919,382.33132971475624
-0.01926890797106166,0.37832660560617576,-0.25581650406722645,30,1.383959791551583,752.4169999138437,376.16244512862085
0.09264827193257726,0.34236095514980086,-0.27324518131483855,30,1.3161658385607726,748.2548398336362,374.223384738378
-0.2007261580423555,-0.35293852619290134,-0.24681415849236332,30,1.3382486424837055,760.2069543481123,379.90648477689973
-0.3502476579293806,0.1198782814547211,-0.32268083920001017,30,1.2860971907836884,766.6120872095728,383.23760829436355
0.3690650584365502,-0.18270623057345484,-0.22087848041021255,30,1.3841691337145383,756.8206141553196,378.2721576963331
0.432057409782949,0.17390523417266063,-0.17993546939437363,31,1.3538706116938215,770.7202278365875,385.8942157991008
-0.11615306506144915,-0.4317719936775596,-0.11566554538338517,31,1.4346778963546285,755.5304431210714,377.56665513688114
-0.34670232337323914,0.2340810902628168,-0.18500111905684638,31,1.4017887040468584,753.6398456961733,376.5892673901179
0.2981874452911976,-0.3445840138971977,-0.13865123278551453,31,1.3645275157543835,761.70397297323,380.7721459725213
-0.43415991472896165,-0.009654917102377604,-0.21964569487724356,31,1.3144353527593966,765.8050425864927,383.0742375259371
0.059278656205098805,0.4156127933814921,-0.14987111693594746,31,1.3102609665845206,748.5105852440031,374.02310798653394
0.3674075283997457,-0.23595493803817022,-0.17884495215037371,31,1.3861436914708571,759.801658189856,379.77872878790043
-0.20595060941397844,0.42518805320808617,-0.13106361697502622,31,1.3245210171670159,767.2166006131008,383.8825723966745
0.4349519619096081,-0.10383498807177148,-0.2028291808474748,31,1.3269324866116314,767.5044713701242,384.0474228433307
-0.13710951690905657,0.4262444739095256,-0.1424422154345885,31,1.3957940620804323,758.9523848069771,379.3357064589113
-0.3137932010745593,-0.28666877194976786,-0.15580285716586226,31,1.3646162066548497,751.6104353388153,375.5470636125313
0.288835730535699,0.3692699095092175,-0.11123008738501346,31,1.3378212751612206,763.9282566851665,381.99948788025966
-0.4357674453470064,0.0754829439069877,-0.18392877410150799,31,1.351629322488512,762.8201221372351,381.3649097901799
0.04164981050952084,-0.4372017446962893,-0.12261564326574341,31,1.3905347276409703,753.0295095718404,376.2737401173765
0.38412464432196186,0.17423398050921188,-0.19784179812070898,31,1.4150718166519247,757.2558609633235,378.45864950588594
-0.22630194560797082,-0.41155825868114765,-0.15477084425181775,31,1.338310885684719,768.8627752715888,384.82526150664864
-0.05893547263747972,0.4428735566495076,-0.21412605002352766,31,1.3413172396672193,769.22166076307,385.03100994422186
0.4401354893751535,-0.002772899775067649,-0.14846212604701,31,1.4217524787198608,756.6679344780259,378.1547074105673
0.18603557784904468,0.3747156875613076,-0.17802039230472344,31,1.3801523927487636,752.4664451214546,375.9826510218358
-0.38470892882227103,-0.25560721611503795,-0.13238987927829518,31,1.3443444766577768,763.4047514588218,381.69970032530915
0.11095439382210459,-0.43949722222838594,-0.17031571504481555,31,1.3261955033500683,764.8612574987459,382.5337748722403
-0.4075596026426156,0.15941812569168345,-0.10698731918493451,31,1.347600320557383,750.6400285102501,375.06998991520214
-0.2826220388710196,-0.31629341372414554,-0.19664978008586873,31,1.4070909403509535,757.958211794051,378.8217458937481
0.38573045299385744,0.26575269268649115,-0.15262041562211134,31,1.3322343237490577,768.137381678722,384.4098616966013
-0.03860515260261848,-0.45185389490242067,-0.18195451822588654,31,1.319168216078387,766.5776064491814,383.5166495970749
0.45230734391085986,0.07111641279382615,-0.12318389116566549,31,1.3750523685452192,760.7777414640373,380.2884540482346
0.1966234405993025,-0.34977363367446557,-0.1992040414640753,31,1.3276405296632714,749.5017323751307,374.51037808040104
-0.41346183262966646,0.19554178360210128,-0.15918169767106968,31,1.325945526740403,764.881318823188,382.5452630773258
0.12678034217384107,0.41674863770742165,-0.1888654331436788,31,1.371941950012797,761.051471435255,380.431399926451
-0.4288009616870301,-0.09811009952141897,-0.1300820485698166,31,1.4120487520811291,754.1962781718474,376.87692793406177
-0.2722052446353301,0.3371077984142151,-0.16385843279826687,31,1.4279211956496511,756.1250613276635,377.8740566711644
0.35371703454280917,-0.32956573370273395,-0.12106941738589767,31,1.3509112487713688,770.3669519339234,385.6907215191607
0.17726111408954762,-0.4437422620986978,-0.034094508799013316,32,1.3512732347009493,763.1288373852287,380.89196334404227
0.4541298860781302,0.04478010003340222,-0.06233197715244772,32,1.4266528537434977,755.2829092354186,377.06465166903075
-0.30550306737003813,-0.336113225956763,-0.010716058089093107,32,1.3776152451580113,752.6281581152278,375.7962553124435
-0.42242542526531957,0.2455462343585475,-0.09272726388104512,32,1.3474674230678307,770.2053308806102,384.76446119004993
0.20547022441290214,0.4468518039811674,-0.020245398279085034,32,1.3309077807167236,768.2370378745203,383.6751763767451
0.3441669640904966,-0.2678690893147789,-0.09097759880546885,32,1.3082526270698618,748.6963200233793,374.00213658185754
-0.011342977771118574,0.46649201421123726,-0.04156034782844015,32,1.4025202562113472,758.6490969178204,378.6729606963721
-0.4602432204783391,-0.13349985364403033,-0.07423982308122509,32,1.322788136165451,765.4049878314174,382.13212836879126
-0.20590466108703032,0.43645143481088644,-8.47751850652135e-05,32,1.3341626926814962,764.4960844671924,381.6369105921825
-0.36859024622510966,-0.2809411678406929,-0.08387746474474314,32,1.3903911726987699,759.7146202446073,379.1888729199477
0.00581695163611153,0.44939929739971307,-0.029485805571616296,32,1.3467076167455088,750.889278235273,374.99680516795223
0.46405852180154566,-0.14049046303154128,-0.05678998921154138,32,1.3176448699081122,766.6605971500479,382.81624956311816
-0.17737081889741108,-0.45895110873288875,-0.05507652389359752,32,1.3402306276241198,769.3451592925802,384.2789384998308
-0.448166033999652,0.04951068389639497,-0.07418007086769755,32,1.3982189554111604,753.7435820613055,376.3291865007928
0.3158403569542371,-0.3407597234837175,-0.02137265380104869,32,1.4188272182109893,757.2165527044322,377.9885146678566
0.4023711755673878,0.228421257545094,-0.10639218111835959,32,1.37206802418276,761.3242836741438,379.9866138125943
-0.41581487410150125,-0.2306394637520309,-0.026366172409479385,32,1.364966618017497,761.9481324516898,380.295790048784
-0.3213187538884167,0.3233536447479149,-0.10192984087839088,32,1.4091382113418105,758.0677186496417,378.39518773620705
0.45194296956177826,-0.06495529496353741,-0.04724511960253696,32,1.4145039627797396,754.6252042040061,376.7504110386349
0.17255675670085507,0.4580468186854111,-0.08296881659419153,32,1.3446220118952175,769.8671229174333,384.57305600272593
-0.4728029485718629,0.12236444282218543,-0.02785128222997741,32,1.3209061289631705,767.0482331419985,383.0274537918878
-0.012941786642264357,-0.4494226928766256,-0.05495786229714306,32,1.3667775885489974,752.0338009578161,375.51593079105385
0.37212166647218986,0.2924612726579276,-0.00443710065492294,32,1.3790721126673455,760.7089841211754,379.6816745280065
0.18627826154815724,-0.43843319314903517,-0.08338483948852222,32,1.3291988895604856,764.8927256329093,381.85302130750074
0.46863769360142726,0.11948711987251143,-0.04724553989012179,32,1.3179314724450757,765.7930678403508,382.34357452108276
0.015304127631658448,-0.4654326110822355,-0.06974213413991366,32,1.3908873699191502,759.6710300003441,379.16726981973983
-0.3507607363474713,0.27859223346342654,-0.01432380604784314,32,1.3291083466075329,749.8856512860021,374.5415861887745
-0.18608406599615987,-0.44488596844778006,-0.10349984842052924,32,1.3340767483766638,768.6137040336881,383.88040367065656
0.43477056262835023,-0.24413667583578696,-0.007076457518242416,32,1.3518624385830795,770.7277261181946,385.06010519963445
0.3139288179786986,0.31942380055593844,-0.08777040664861337,32,1.3937395909123476,753.5010825132242,376.21332421113374
-0.4566517711594171,-0.06391507539748123,-0.036753859717831204,32,1.4311671180393797,756.132509453866,377.4705766589247
-0.16971551076105681,0.4451354705336901,-0.06274489136061588,32,1.3442296349233402,763.6916682547305,381.19862284468024
-0.354824155296136,0.33794626560218544,0.05214215958128533,33,1.2926474117650295,768.3368492777141,385.23508890098435
0.1308697926319427,-0.4334872502136563,0.09790451323247666,33,1.4077779937255197,756.5160321273894,378.93669741137364
0.04267688404043703,0.45033636067733174,0.0023066512451557237,33,1.3496669186402386,751.9326618941867,376.59821918022425
-0.3976793232896053,-0.2540904698177531,0.06616759553559128,33,1.330162286478806,762.060893191545,381.772236295327
0.4695829936584043,-0.11008661565297705,0.01833093447724393,33,1.294325724523377,764.4712889921918,383.07841924401805
-0.30160697223416416,0.33990074853413027,0.07294771051291131,33,1.4066225240227928,755.2473316183289,378.286479735505
-0.23857055051761134,-0.40418385381488303,0.03704543693693022,33,1.3637407889060362,759.6620471678971,380.5483558525663
0.49092057191760186,0.015557902326837823,0.0852243780806942,33,1.3149051889880115,770.5279310536166,386.45690158734743
-0.021123492963205502,-0.4943330584138205,0.013894853561661796,33,1.3012093777049123,769.179699277911,385.70533095815955
0.4054814267900988,0.2337596964016147,0.05631632159946207,33,1.3601544994926298,759.9182514497182,380.67907012383733
0.33896895646939984,-0.2981704358157178,0.04400514147492083,33,1.3585431606929166,752.4665809381764,376.86132601994626
-0.11051012374835531,0.46086117730536647,0.10517594806479033,33,1.2779804518804934,765.5391104988289,383.674177186546
0.2644500101307253,0.3986359817818774,0.028390158135319154,33,1.3144794471681984,763.1546649780729,382.343849647078
-0.4358788691737414,-0.03411169805509924,0.08640457486596037,33,1.3012962803676948,748.9874826364094,375.16443158230845
-0.4468062603627157,0.12388768591039172,0.020070129347630784,33,1.4029609226726367,756.860163369272,379.11306702318717
0.34157086739308656,-0.3421649116796097,0.07317406883257341,33,1.2779140755639562,766.8864823284446,384.42590157497847
0.38833636447022046,0.29758504372794814,0.025547094193875866,33,1.2815349113295098,767.242921661086,384.6247658628117
-0.1588450586394116,-0.4334030738863271,0.0673204328759453,33,1.3890311853598816,757.8553028944958,379.6230828264718
-0.07087200934372606,0.4416606388604736,0.028962764388350597,33,1.3199424782438474,750.1228076431175,375.71713645075516
0.4239178975833792,-0.20732159259771055,0.08884304644584926,33,1.308799476673006,763.5257321841297,382.5508751039038
-0.46155943852485465,-0.1495289456483762,0.044706542694659415,33,1.271122707917012,766.2179321072973,384.05290468200366
0.24804605525479004,0.36755090317238226,0.1025885624621724,33,1.3697019406553224,753.1119677074903,377.1920911470844
0.18207238581663635,-0.43628767674230834,0.009117425981133286,33,1.3517877379642915,760.5159723476816,380.98402463531284
-0.48924084732785333,0.05921871112509799,0.061928444405647265,33,1.3078436850100668,769.8327882942326,386.0694234471538
0.05012969037710196,-0.49369839986186215,0.036554938550126044,33,1.3113149805241957,770.174506708591,386.2599000275081
-0.42166716371523894,0.18598104218699424,0.08421061234109613,33,1.3772551641572264,758.6965810812644,380.05424364295527
-0.37558098798861256,-0.26145951191042366,0.013381178894365174,33,1.3891486765993377,754.2367023224651,377.7685253189753
0.14023734470331237,0.4540084994362396,0.07887856707429841,33,1.3000977483758827,764.0942080256524,382.8680385957584
-0.20816513810711929,0.42658088427294033,0.006626525687009648,33,1.340872630199099,761.2957469346204,381.38186211938154
0.4409754309220379,-0.07149751994444889,0.06016860441024353,33,1.33815830939126,751.2319285886848,376.2570845208577
0.4295380741499058,0.1615011855909716,0.05132125592105115,33,1.4166591240619046,755.8815647553229,378.61152854990206
-0.289604531073454,-0.38391510210197144,0.09940658230897331,33,1.2860027327062218,767.6827392537607,384.87014846886603
-0.009881527889309566,0.46114458045979934,0.18229353973516285,34,1.305043823908809,769.4448130091665,383.582086206875
0.1575653942197326,-0.4097202985854292,0.11193913278971115,34,1.3544447264121664,751.8366039862958,374.05193552383537
0.29299823526753704,0.30462170839743763,0.18607480663789452,34,1.416363087129439,755.5795410617893,375.9724890603095
-0.18319894726552932,-0.40999447833940417,0.16131033452263682,34,1.326545928517375,762.1075898186333,379.3653095529489
0.42867295052761856,-0.08045110505257516,0.2103556929195495,34,1.2851319938892685,764.8993693294452,380.95012670952605
-0.4334420911337862,0.10456955745009694,0.1437736584340949,34,1.377291815549726,758.4193009674206,377.4319204686802
-0.3460818782591555,-0.23613929352427962,0.15305316867264887,34,1.3040518713540699,748.7187497470447,372.5280322506561
0.4021628481608834,0.24523267178369385,0.1327232310327582,34,1.2794523575039212,766.8917552147929,382.1017513629584
-0.44798879226030763,-0.03216305317051102,0.20430893590710178,34,1.2951828861385186,768.4610653943967,383.00883281992157
0.4074203697584984,0.13189698446641257,0.14113451562905405,34,1.339085284242064,750.8863005786525,373.5874588798698
0.3278124373454489,-0.28287555180159474,0.18526677675381809,34,1.3628057092554002,759.4721733767408,377.9777301518758
-0.42154236330632994,0.21441754770794466,0.1143268628434621,34,1.2715028864771123,765.8016934930101,381.4716816752539
0.06272461650539253,0.44273503284356075,0.17327446462592952,34,1.3125125318017823,763.0866225205211,379.90233575148903
-0.12535990677596687,-0.42953464388286683,0.12413730520764833,34,1.401458485263505,756.6628303707109,376.5292214934484
-0.24755613537924648,0.3283870049600279,0.20096626981576435,34,1.3884246976789119,753.8419748841942,375.0795055905886
0.23067794402494549,-0.41953920434803865,0.14382722216730426,34,1.3203640454486925,770.9731901015579,384.49149399059667
0.44455821508352067,0.028579943161379726,0.22330391849609527,34,1.3141463273730696,770.3528976437112,384.1224104756985
-0.4180303597645691,-0.13488525361126952,0.1347329346945455,34,1.4009303469431413,754.5778305130326,375.45768221552913
-0.3266549006341771,0.2883918257428286,0.16588414139051663,34,1.39035618950063,757.4697622440068,376.94392617251935
0.4106074651885973,-0.2113347951552236,0.12345723845409688,34,1.3214965076972496,762.4745894634336,379.5585394118931
-0.06346896279985141,-0.44251943778061237,0.18814004788130015,34,1.280507193866894,765.2055573053447,381.1271072955779
0.13266813655884177,0.4410043599537696,0.10682471184576658,34,1.3523027234913731,760.235546480717,378.3796555468808
0.2455526405033609,-0.3284792308595263,0.19148714986210197,34,1.3515243414895517,751.6559169722198,373.96362173138635
-0.2202673696637584,0.41079727325580967,0.15661251188306444,34,1.288596141110065,767.8039580419537,382.6290163232328
0.007413713132047567,-0.45661098247987286,0.17161431758003778,34,1.2735334973644712,766.3012774448302,381.7604476214525
-0.15016428299131981,0.4035690663516164,0.12380188760012506,34,1.3184780584276299,749.6113117674279,372.9642868283249
-0.2947213598839905,-0.3055990681254615,0.20180746348138173,34,1.3679396867479405,759.0990280233835,377.78126450125063
0.19085623379648528,0.4191064225850294,0.14389687287742592,34,1.2954211230760044,764.2181706561591,380.5563851197011
-0.42782059535379563,0.08480771717831988,0.18914942573794483,34,1.3368543342890393,761.3583590867482,378.97083029202867
0.4249626989347578,-0.10450155311104561,0.1527155059957408,34,1.4064362518344922,756.3010386665674,376.3432866983032
0.3501115293055144,0.23488428920106005,0.17114911170118507,34,1.3688744776799182,752.6916036297852,374.48829788438707
-0.4091132088322752,-0.24827913301301846,0.12469362969514279,34,1.2994833935661967,768.8900929395278,383.2568162560662
0.43306612308384895,-0.044547406224711844,0.2458314905309339,35,1.3308594558782891,770.0496969305135,385.23202837618084
0.35698357256000174,0.12694687533658677,0.2645264853944442,35,1.4312598520585678,754.5321058367862,376.79143816340667
-0.06187777935650022,-0.37248876909679496,0.25033458084395194,35,1.3740802876184064,750.633089520682,374.81635819812084
-0.13603373360387688,0.3413467015048311,0.30779923349673144,35,1.334777087083228,761.9205287915576,380.60584384060604
0.19631176677286788,0.36501205670273823,0.25468308749456786,35,1.294967658780233,764.7248354735401,382.1978634090874
0.22216573676449144,-0.2468134202210229,0.29796701983360707,35,1.326796444237175,747.534074986857,373.3153222567292
-0.35320104335218167,0.21777592951676003,0.21761896630975572,35,1.395141567379674,757.3096110092545,378.20026236794206
-0.2830771488913672,-0.2730770211937308,0.2976496668776414,35,1.3112728740848343,767.4052336150129,383.7195394511417
-0.4100637676949331,0.03663347848714528,0.2665497199826444,35,1.3030952092754933,766.3011341441196,383.0927364076282
-0.35736068111145886,-0.09330376138981111,0.2944305935896306,35,1.373936751341054,758.9402666938231,379.03980899782664
0.01168257214008204,0.3885829301328433,0.22566773608377189,35,1.3498225216452437,749.0432194100218,374.046290116091
0.08536252198556628,-0.3801402875397106,0.28522957813098726,35,1.315088915800997,763.3074281427001,381.3931938550389
-0.1938878254868957,-0.3717201496961173,0.2271174350880449,35,1.3488921732807335,760.8662010432324,380.04136717276253
-0.21613054563154818,0.2867845139098462,0.28357598490797303,35,1.4052486586801813,752.5889241803313,375.80580494890944
0.36465868894132386,-0.16224901675146502,0.23820288739308082,35,1.4160845027147373,755.69909401663,377.38336548381903
0.30924891004011895,0.21532431837861588,0.3228218481990169,35,1.3198701502472654,768.565986505156,384.38073745585257
-0.4216420563441432,-0.02929888674011465,0.2576615716364185,35,1.3163851168552838,768.09545810691,384.1113835047202
-0.33919793187915975,0.09460781101952002,0.3067729872956207,35,1.4036315283306646,756.6567308776239,377.86910426922134
0.0029430242616115083,-0.40547563982559837,0.21501682299721855,35,1.4148356136276714,753.1889322336186,376.11014492881884
0.0870606709454155,0.36454239705707,0.2912905114211143,35,1.360826665807114,759.948435567449,379.5640946659262
-0.18706453315794583,0.374096105757469,0.23874281647775478,35,1.3221084601287774,762.8129484201318,381.11247513065547
-0.22691400778801493,-0.28876658133817323,0.26328818383029,35,1.3661242483759461,750.1116454188294,374.5637919936825
0.36376103120983144,0.1557783614393653,0.26027833133753164,35,1.3666497853983177,759.5006362068686,379.3312221848585
0.3057919104822876,-0.2236616530106361,0.3082903511818014,35,1.2972303195959787,765.5092917608756,382.64320334572136
0.4336120317687661,0.05753204715371523,0.22547245007633124,35,1.307919907017071,766.9525360232492,383.4625406609157
0.360218463085275,-0.11508280741687209,0.28024405686234183,35,1.3832121730081428,758.2269844356483,378.66887544189785
-0.07205479140502233,0.3727305301584135,0.2370412401436033,35,1.336408134033413,748.164031526832,373.6204474498176
-0.12035582234051705,-0.33623963684333436,0.3273438547994852,35,1.306140105731029,763.9378116710442,381.75106588067
0.19857075502591245,-0.34250891977135467,0.26804712011932674,35,1.3416201808613146,761.4254190885703,380.33218155335214
0.22435096552527073,0.2642264329840056,0.29525001180966515,35,1.389800692664567,751.6220995663589,375.31540589179644
-0.3375325132936212,-0.2247939131477853,0.22423136877781727,35,1.4239264900365418,755.0960432199937,377.07748214387533
-0.30269058687874895,0.2772473664473808,0.28210624929367084,35,1.3253253777915368,769.3025187531338,384.80332882173946
-0.833150350677528,0.034440014371101925,-0.6603158098204549,36,0.9902251653504122,1.1209024364691962,407.73302625479346
-0.7872332642251016,-0.47827878186129397,-0.588188294927009,36,1.0540020459750974,1.043224446676494,415.74618831970736
0.8086679293850569,0.1766222248758689,-0.7417240233561521,36,1.117217828137587,0.8316410567595613,420.8724944421967
0.6397445669411503,-0.6188074412725864,-0.4995359240302859,36,1.1193730945294575,0.9897084366982654,396.14362225236147
-0.46836514961974535,-0.618565108973987,-0.645898686707257,36,1.1009237096783813,1.0669237778085363,393.22419320487387
-0.3286227234589532,0.920905540433971,-0.5079307783526451,36,1.0844742550027011,0.8995559633465481,418.204351365234
0.3881290629972056,-0.7689283160921885,-0.6340101674377848,36,1.0012909178210516,1.1465410968181895,409.3351841719091
0.10088182532253155,0.8885455987961877,-0.5292237774738515,36,0.9706315948135502,0.9566828073207879,401.08296970348545
0.014565100392488355,-0.7924193764618733,-0.6851929265451873,36,0.9664548373113482,1.0203951573290815,403.3817434650575
0.5018313435371502,0.784606035159805,-0.5442691602942012,36,1.021252561484494,1.1868121809511072,411.85763020411514
-0.20863679621328465,-0.8481762250800712,-0.6648875452230368,36,1.0704422748365268,0.9657130741344125,417.0680439021719
-0.5659929315522723,0.6164553411927303,-0.5533401089406382,36,1.0416712952871094,1.0581820318478001,391.57639042721377
0.6541152150285396,0.5225811183463056,-0.5925283858352872,36,1.078768670965215,0.9546768528543885,397.4773902048809
0.9044059487316299,-0.29632254203446046,-0.5834353739904092,36,1.133851086132893,0.8774983922703256,422.22787224365675
-0.7634834361272388,0.3635152957710326,-0.6795979429191027,36,1.0344951729315484,1.1728508231711565,413.5355791692746
-0.918647799679626,-0.12570614953324558,-0.5019798288317393,36,0.976418898280803,1.070216955884363,405.2016248670624
0.5102727441265289,0.6356759558778085,-0.6658409526052831,36,0.973668087486369,1.0564624895393537,404.6972592606818
0.28068485567700746,-0.9153328743187849,-0.5071966744148217,36,1.0314627129567504,1.1953818822435716,413.1513412795696
-0.41142181211900997,0.8230283661125866,-0.6408186062016215,36,1.1207118147443167,0.9243217896783704,423.61180335803454
-0.11663092840116998,-0.8664918928672043,-0.5472561787101625,36,1.0323595789044324,0.914637274480046,399.0247935270174
0.8050082330611439,-0.005424563415015269,-0.6030426753160617,36,1.0660193790810077,1.073611156496679,392.2535078159053
0.7597516681922553,0.5033231641424485,-0.6151817263721331,36,1.0766499475047744,0.9364455236116398,417.56716388643724
-0.7855168065649634,-0.17974101070000156,-0.7083230495121571,36,1.008568406539213,1.1612228717955764,410.2526471632332
-0.6588896435539616,0.6190410226846482,-0.5172611870248515,36,0.9573889744887937,0.975064484156792,401.74618988605295
-0.6680730245299911,-0.5113682968267047,-0.6066119568088861,36,0.9860366764049647,0.9424466804905196,400.5693230585324
-0.8686377924406314,0.2883322634232509,-0.5505421225830437,36,0.9981509481383652,1.1402064489606158,408.93933251355406
0.7442968290722768,-0.3965793805923956,-0.7170096052186234,36,1.101932861585555,0.8172432066133328,419.62698352866846
0.8991679252076206,0.09717131616172,-0.4618336023909208,36,1.157197803777469,1.0255320685244462,394.78916924035576
-0.024815416278641287,0.7541789616240536,-0.6909407880854841,36,1.0993957292946042,0.9724729070743252,396.79527910072153
-0.5169362562705478,-0.8261931717448234,-0.537964050022343,36,1.1232450308311397,0.8482578528308797,421.3636271317784
0.17237214648764232,0.8416167421286038,-0.6663333125250583,36,1.0396059895530445,1.1348776554577438,414.1831621249059
0.6223050262079362,-0.6324675946523806,-0.5758064899743081,36,0.9814459305077297,1.095143292940799,406.12333935304554
-0.18054494981802796,-1.007993751958369,-0.3128805391327715,37,0.9829693767343812,1.1770547890428331,410.6324400030326
-0.7469261049011383,0.6185334492993513,-0.40573463156768713,37,0.9172116000552474,1.0735479710940832,405.31395238664203
0.8802915424868882,-0.3921381305338093,-0.2708300825458049,37,0.9726931677112535,1.0392020183319315,391.84422414557866
0.24803530750099792,0.9879533524486251,-0.4534336775795891,37,1.1160743840439458,0.9116571046108719,422.9738190931963
-0.1082199194930871,1.0597056924189279,-0.25302673637643686,37,1.0853471718066172,1.040382698005729,417.29233177503113
-0.6601501813904866,-0.6348180258821334,-0.45890139160285126,37,1.0527524462396194,0.9546150182032889,398.07432534101133
0.8846145024144272,0.4199492273775757,-0.3489212644358796,37,0.9004061112756272,0.9599851600992779,402.1562029253023
0.2250358238171268,-0.9912396812014719,-0.3683705697062288,37,1.0320807720234264,1.2095717341611165,413.4938579494727
1.0508261609508427,0.11733527826628999,-0.2817470814393597,37,1.0844224363966732,1.0491956316643036,417.12446150847825
0.6610047829156823,-0.6751800472532056,-0.43905740914080515,37,0.8898008006493671,0.9829361667288399,402.79324956506366
-0.43252952923782817,0.8767254970266781,-0.3137795632935518,37,1.0291949300509355,0.9364013959504806,398.7055114952098
-0.9994708489536556,-0.24332398830438332,-0.4105572883303082,37,1.1047583234373919,0.8553901155665227,420.8695460608568
1.0386234989657999,-0.19607945437232255,-0.3596645016040478,37,1.1181546358329078,0.9254296539149217,423.4025503582182
0.611945780766097,0.725472996308924,-0.3614404143005138,37,1.1387725673691809,1.023055001064343,395.7281604309817
-0.4343192347525006,-0.9364097661239787,-0.259785289676017,37,0.9559163563591734,1.1571775203434083,408.90318427759735
-0.9336693434240361,0.24984652493037723,-0.46446009788283793,37,0.9903443627107549,1.1819378108513245,411.0572465268788
0.5274505669848187,-0.90051936852883,-0.2708842020748387,37,1.0181184105374357,1.200327172089738,412.67523248876205
0.8979403168139785,0.3337790075503144,-0.4513131632041211,37,0.9398776907511744,1.1400811900506551,407.41586086864567
-0.9541033577913071,-0.08779196633033454,-0.31820972532815694,37,1.0704142041548221,1.0697060218041015,394.12953033088587
-0.5949878499082508,0.8595165345299284,-0.40731968133582114,37,1.1005240479674117,0.9749204675082168,424.9431699378176
0.5526827413197488,0.8947515878842851,-0.32911150862311844,37,1.0962209136747634,0.9367535250834734,419.28197581409387
0.9030714897007195,-0.31357842416410386,-0.3901340094452842,37,0.9711375813997346,0.8917086743868824,400.26106575333307
-1.0100379612970818,0.015584348858316567,-0.2772264827284441,37,0.9062564738980248,1.03733364062323,404.303149697779
-0.623032210855618,-0.7701799573357597,-0.4511389190084497,37,1.066901259654299,1.1326182308402941,415.5354135815622
-0.8783925567048018,0.5312833258730913,-0.35728813077238186,37,1.0595500806429174,1.155245393013939,415.10440752925524
-0.3096213387184963,-0.91848785183954,-0.359670090482694,37,0.9576368317146707,0.9047408330760982,400.62279685453484
0.0002168579313984681,0.989193287305472,-0.2426866684030645,37,1.1117431534124564,1.0002240055119,396.51052952230117
0.777446910652497,-0.6092229504395985,-0.48535130885346145,37,1.0939947272518344,0.9579695756920227,418.86800630495065
-0.9247330930397342,-0.5299815927548437,-0.30812806857368985,37,1.1076848953668983,0.8615416704283961,421.41375544631165
-0.3138902054647811,0.8681587233452273,-0.40256725768699075,37,1.0422151011221894,1.0859185274086198,393.4700655224277
0.07757824284377789,-1.0098963278797564,-0.30145268799238173,37,0.9334839051103501,1.127339285254305,406.8229420256545
0.8135920741190564,0.5446587315440183,-0.41861145290132795,37,0.9570693260975381,1.1584065223031972,409.0101033270741
-1.0015952423032872,-0.09316358158329553,-0.21394359258149387,38,1.0122754423235893,0.9233200016426655,399.71990413355644
-0.9734085807481299,0.45275320445719536,-0.019227287506430043,38,0.9969418419357804,1.1863060408439068,411.7180781430473
0.8335935263887807,-0.7240117954772051,-0.18702224913653884,38,1.1072502114661709,0.9560394576148037,424.24813302892466
0.9725989360744264,0.38473212419707803,-0.06177427600262105,38,0.9069706007368155,1.0396943277542514,404.79042213111757
-0.717201245930173,0.7726808017957548,-0.13601812856103596,38,0.9516772908441588,1.1526589110059102,408.8480172517937
-0.31945840514733287,-1.052998302434213,-0.1083671087925102,38,1.1019271971151614,0.8823713776535546,420.3908839925558
0.016419680926287882,1.071784921327759,-0.19070259724385777,38,1.0679596536167861,1.129360460651903,415.7821998216216
0.45204888548544614,-0.9040340957055133,-0.05139265675628783,38,1.0985326487155571,1.0505166486434367,395.48892537127097
0.4058721392278699,0.9076263437593498,-0.15186985900568598,38,1.0269041681057818,1.0756300715769087,393.87106455809413
0.08903254879526191,-1.0803759220660023,-0.0814603307534491,38,1.0601687025982924,1.1533412550128412,415.3360430086193
-0.40352822867377575,0.9897242399454753,-0.24544854313182654,38,1.0880813913866552,1.014324978675716,417.92240682428377
-0.6997506176371331,-0.7820003283214182,-0.002247984509578978,38,0.9117277689971315,1.0554200858160112,405.21565344884095
0.9677648734816934,-0.3097195289348748,-0.1900883649535745,38,0.9587033773580809,0.903711305649959,401.1168993288867
0.8058921548937963,0.7633419942372062,-0.04674711145930449,38,1.1100119901619552,0.8754427996303606,421.8361798370444
-0.9567955482163587,-0.4663766196985255,-0.12757567693538707,38,0.988923312865017,1.1809969253486374,411.2652167898357
-1.0164687044810896,0.00012178615601143599,-0.10931536039653769,38,1.0735098750136463,0.9706637375844649,398.1318006870784
0.3658343994426637,-0.9446781023461237,-0.12815605239465103,38,1.0857307457891305,0.9801123705439947,397.8190812321993
0.7018825292018761,0.7952530893593472,-0.10704735793212358,38,0.960806227532965,1.1623804369502235,409.67725206470107
-0.4646324212664909,-0.9878277663044961,-0.2126912298385579,38,1.111788349154402,0.8860540544514056,422.1537345666762
-0.09099362373742718,1.0353569431210818,-0.03603595384464796,38,0.8960716278875388,0.9641691999983237,402.7501433179286
0.9242308688873997,0.45651956917882147,-0.22872154648755896,38,0.9309033772435328,1.1188088413673987,406.9591733227594
1.098032337697122,-0.021369596637733655,-0.010189704465717115,38,1.0905870050618425,0.9904459243473256,418.36667078886774
-1.0208490861826789,0.31881926427048063,-0.15640229184143484,38,1.0306508513917643,1.2086249752586338,413.64567293830055
-0.7384122672885661,-0.6753388194069866,-0.08153890617896337,38,1.006502899232054,1.0619210733405975,393.41026442427994
-0.7405057152985653,0.6681459983160044,-0.1849306404986424,38,1.1249603218954793,1.0324811388440864,396.0858429166001
-1.013674446190682,-0.40754544632088713,-0.04766718545193332,38,1.0833871250842642,1.059062378210522,417.09007844941675
1.090634274896708,0.08178326436787785,-0.14811239038413432,38,1.0988213062814751,0.9119712065059017,419.83565257359675
0.9582274181903448,-0.4379256325946251,-0.09698901657521264,38,0.9370985132405949,1.1371187405661192,407.52245885684573
-0.008290144038166617,-1.0286092695258569,-0.16721358883318005,38,0.8905044387518751,0.9852621812731186,403.3199611266588
-0.4813333192283935,1.0057937676159272,-0.07310048691421592,38,1.1150967521901731,0.9340134374227156,423.588977537428
0.7231004281003541,-0.7712467977459799,-0.2164988485339041,38,1.0226115552340374,1.2033021097523315,413.18529438579793
0.318434716721972,0.9804261935544999,-0.026065911235682783,38,0.9845811698684972,0.9019080236979914,400.4420858449174
-0.9877287716078033,0.4388269474708185,0.15814098870820548,39,1.0520245948292235,1.0525476108333631,416.83038023849355
0.25319315317351676,-0.9984463628269945,0.03968707716006438,39,1.037528179982322,0.9190965000057861,400.2939497090531
0.8723652817455948,0.5570475702229855,0.2147706861806969,39,0.9804729181533425,1.0904876629834002,407.2752766179888
-0.32769743521458067,-1.0619955325156227,0.1040068847769236,39,1.1336731160581457,0.8770077347316239,423.4264533455854
1.080379848248951,-0.12705632602891043,0.1912363118126478,39,1.0935698422001552,0.8566726523115725,420.1748488487669
-0.7341120284409263,0.7403817874650015,0.06973102261829056,39,0.9624128528307893,1.0001846289941674,404.0328979908161
-1.0060972563217943,-0.07214378241028478,0.12014423047305185,39,1.1583754070183985,1.0233577945791794,396.3763024542372
0.6418496191044092,0.8661212107523286,0.009191635560048221,39,1.0197981194091685,1.183877955685421,412.93043850009485
-0.9533094499291467,-0.42204790301729567,0.22881284468781635,39,0.9966452480241564,1.1371688145352856,410.0386088623058
0.2874600212190766,0.9536756159091322,0.11079554620620977,39,1.0315690791151635,1.0517803636973917,392.8569033459675
0.8709113169247783,-0.5464370961977186,0.162468509307941,39,0.9563664202762565,0.9699515598034528,402.95962130952086
-0.3642816193670751,1.0374376578911424,0.061658661980059426,39,1.0825015100447593,0.9088569390601091,419.27741990727424
1.0938164130139558,0.14076373488822957,0.14411807282706549,39,1.119864716849815,0.838938440337123,422.3068576457763
-0.7100696262904025,-0.7785708125606565,0.027414571635611215,39,0.9760117798440255,1.0681813026695295,406.46934818685986
-0.9982945907960924,0.07608089843526576,0.1877718415637869,39,1.1355404622712997,1.0036568799679266,397.109397974844
0.5998106158877864,-0.8947145946609962,0.09091359975968752,39,1.026146682338949,1.196685694175239,413.7319948960536
0.18339167159412123,1.0484875486757557,0.2071176562012586,39,1.0334498462592154,1.1806175594842614,414.65407723433606
-0.7856070173870064,-0.6478494815976894,0.07910245841483134,39,1.1138008817461456,0.9849009940065678,397.8073278047327
-0.028901648490892884,1.0403375565414363,0.14310123890422483,39,0.9707015440147191,1.0416293274678745,405.5100257596893
0.8878408204710503,-0.665768100650019,0.021513575521974887,39,1.11211468131775,0.8175718518001966,421.67847876389743
-0.4807531589151782,-0.9689633931140595,0.17833017271924997,39,1.06547773204032,0.9891195929500182,417.90821768062096
1.0049887973978364,0.24738299856241155,0.051211004816051,39,0.9937041654500486,0.9353610090601041,401.7316536403502
0.4830330081514614,-0.8564132972498283,0.222788117718843,39,1.0879314525053034,1.0764800708144309,394.399556525383
-0.9850086559861824,0.4074355821730088,0.11141449166329191,39,1.0061394276455955,1.1563225932898988,411.2179257102147
0.18221080120144575,-1.0513670061267368,0.1353053982636145,39,1.0144292923443876,1.1730467591133256,412.25258152361516
-0.7512125943039104,0.678146709993042,0.0010311443852694994,39,1.1244342095865154,1.0496309223143614,395.3986467141331
-0.020771072253697002,-1.030133251586597,0.18929052678699052,39,0.9663176415522087,1.0197091579664281,404.72602052915363
0.8587083044069517,0.6966178876433897,0.06556984440507645,39,1.104398023734952,0.8056206128313913,421.05280619199004
-0.49686808119790626,0.9758648077293506,0.2359911156760239,39,1.1237215351038814,0.9142069115142981,424.52045939494195
1.0374984785662247,-0.2103590502834599,0.09105190716149614,39,0.9885460864019024,1.1159758527286754,408.7337375240794
0.5025500693075282,0.880903851467077,0.15622064652978956,39,1.0752142691086757,0.9516102823745692,399.0576084228784
-1.0228299641398342,-0.3669864069792721,0.03375597646079129,39,1.0395747675183724,1.1351096339548743,415.42739709653534
1.051348842301091,0.06397639465897008,0.32384426995055066,40,1.0848595980507139,0.8977391718162856,419.12245114527684
0.8366408581118973,-0.4023560525032163,0.38321945125154655,40,1.0518598304605402,1.0646383994416944,392.61436762869346
-0.09131309284048277,1.0158667303544497,0.24322964843425016,40,0.9677714737013834,1.026978536655641,404.19339136822043
-0.44209734309010673,-0.8462445497598938,0.47829563347291865,40,0.9977281297881916,1.1393534453883716,409.53239264718
0.27869843507658293,-1.0175121697657903,0.2875302601211024,40,1.0559140475553517,1.0342098600769218,416.7245655254338
0.5872578349126406,0.757434405979064,0.43539679296966255,40,0.9739103820583385,1.0576739987214745,405.32776693484715
-0.9373792292670606,-0.26506604324385374,0.3205457050827127,40,1.0801754650715243,0.9558905685375648,398.05348197369597
-0.8157874587749876,0.6366619056784815,0.40778939419531685,40,1.1200502430720782,0.8394499299215908,422.0463572548292
-0.9048059231728967,-0.5978380055326727,0.2828702730821419,40,1.1222004822527083,0.9193187699040111,424.45339044748687
-0.9057964573338938,0.17876364879457957,0.43243749739922116,40,1.128477533885918,0.9975633180799139,396.5024671885865
0.5204088992833552,-0.8643429387966752,0.3195545086053379,40,0.9822882434454607,1.0976147224272677,406.886204675334
0.15182632742040938,0.9928656630909387,0.409151776488117,40,1.0338314379118514,1.1777823484217793,414.2046901109462
-0.7042806840578714,0.7274399293400162,0.35725734250209584,40,1.0103314000081083,1.1647795758179853,411.14438064633686
-0.3606164063854671,-0.9064850085149079,0.35589793124753216,40,0.975848564453698,0.9518617071515947,401.5045449994623
0.715335879181005,0.6657504126059474,0.274868117398791,40,1.1536897416766085,1.0281123799262375,395.37606451201765
0.936052796774763,-0.35324585654205815,0.4485320513823234,40,1.0660117181340207,0.9866019883965776,417.5601427781956
-1.0131664663501252,0.29284792641847907,0.3096989452684563,40,1.0753685872269048,0.9424868016677861,418.33441907391875
-0.726362845306598,-0.5755016008026586,0.40111390245948436,40,1.1033735533433167,1.065121825802131,394.0114550486355
0.2528852953661696,0.9446732003801528,0.3405262876342747,40,0.9995624328282282,0.9299472735400099,400.72010633732833
0.613640265185073,-0.8035938679808994,0.37469993183542066,40,1.0202962749346616,1.184882946227114,412.43963666591833
-0.09892211344367326,-1.02478425585232,0.33192669650606593,40,1.027739841660203,1.199899770838719,413.41031526907614
-0.461097332478073,0.8719288242220438,0.3968119645014193,40,0.9895166537987622,1.118823593486007,408.23082318568873
0.9911175454246912,-0.0537748965343691,0.24582490707967994,40,1.1039838856137298,0.9764313522059982,397.2816434212735
0.9080577223178091,0.43109493615255473,0.48597170856395205,40,1.1341100634717431,0.8792938012610504,423.2471449570066
0.7654063315882469,-0.7205328372641245,0.3606473780933335,40,1.1168911747700023,0.830740484359537,421.7838778628395
0.9005714775536899,0.34732918293678283,0.367193603179143,40,1.0222240920968844,0.9090052062345884,399.9704740378789
-0.7038731552274098,-0.7353410651876541,0.27186490436173283,40,0.9752712135091162,1.0644783599770082,405.5809068464949
-0.35847148023797015,0.920486781534304,0.4540460194321683,40,1.0395308365024405,1.135436039685963,414.9479204018455
0.5415386166685471,0.8863703113674458,0.25215203755098636,40,0.9999070913145021,1.1437493330431112,409.8110869677609
0.14568739895739594,-0.9223323194052591,0.4615064308659985,40,0.957391422477033,0.9750767244649656,402.33553873836007
-0.8063383065948216,0.5253047950066514,0.2838612961381886,40,1.042393395020032,1.0586396188547487,392.35763142083437
-1.0004123182144389,-0.19231557029914484,0.43593516077653094,40,1.1057742122834255,0.8000913909136597,420.86019617088897
0.34455814564267206,-0.8209585281258673,0.6119312904966404,41,1.029826240719492,1.1825682861656115,412.0235462852687
0.7491133881122201,0.4325393613483798,0.5269814368731095,41,1.1405073688041765,1.0519192797677033,393.469147311141
-0.7638324537978524,-0.22979231754839916,0.679127990263759,41,0.9329364215062411,1.0556061877900385,402.94684269836074
-0.34325064066014993,0.9198004645401084,0.5205159946039508,41,1.111807449549096,0.7039310724384359,420.728450734317
0.5342564321223804,0.644433717686204,0.7263869490617738,41,1.103470710638796,0.6560953298208265,419.9018584785894
0.745678231374387,-0.5344866438436429,0.5153869451174936,41,0.9494244854013266,1.0861203400287303,404.2444454062866
-0.7871595484266963,0.15493463517160838,0.6271980215424382,41,1.138797992201832,1.0257899259121284,394.93670939826916
-0.05618499334668714,-0.8943187011523417,0.5990040235489854,41,1.0242131930355567,1.175794742315496,411.3248617757124
-0.6870776506807974,0.4730986466982457,0.6666741522899147,41,1.001758781927677,1.1486978874815272,408.55232824379755
-0.6135430944426052,-0.678395678552859,0.4807866076419067,41,0.9861153165477052,0.9631716985724329,399.0348185741047
0.06915161671733092,0.8553568955729494,0.6265332749183834,41,0.9852724951034262,1.1341814484158297,407.07319513967457
0.9230032717007636,-0.140903356858582,0.5727027190302106,41,1.066130235343112,0.9228980279712209,416.22267931198553
-0.7861118279251762,-0.4345132927446668,0.6678191107683065,41,1.115279135496683,0.8369665791975615,423.0272782136547
-0.37050531554701227,0.7849704247495249,0.5625571891477389,41,0.9757311800977548,0.9697977640780455,399.3152477550983
0.27166710040171,-0.6895691885342559,0.6755787362384954,41,1.0511087883861912,1.0578604052034317,390.75385366397336
0.9166129503260119,0.23399867022618764,0.5467634415351803,41,1.0583782410433313,0.9804033125240013,415.46853459018575
-0.4054972808845113,-0.7037254221538262,0.7268169942955869,41,1.0513542648193426,1.0387581434341109,414.7032486157814
-0.8008313729712343,0.33541293479283085,0.5124907057886531,41,1.0987282358377783,1.0745124820396361,392.2001941152689
0.7755714167553756,-0.2900439470441246,0.6282137157058635,41,0.924908293750625,1.002227593534109,400.68774709221225
0.2721782520418617,0.9016806147853572,0.5999106744939738,41,1.1258269006507657,0.7944599241291996,422.2927715461768
-0.5191569478909854,0.7253505272103415,0.6403508161127657,41,1.0739117570119459,0.8651737056207035,416.9796965732453
-0.691045564459214,-0.5718080175056445,0.5605791947203085,41,0.9684010424284969,1.1211156848798516,405.74187667450246
0.7957054059298498,0.05069592924358949,0.6493517569017503,41,1.0375870986239044,0.977898484180358,397.6447954593777
0.1844317899575461,-0.9333417592123606,0.4911584871878629,41,1.0080982510023164,1.1563480401581947,409.33183029829195
0.632297028748544,0.5709948312482052,0.652683540745712,41,1.013819237365679,1.1632518389819702,410.0352836271859
0.4783632854072152,-0.6960382484989436,0.5744140747403875,41,1.1076434358720488,1.0110480679322047,395.7646897603073
-0.12006239688771551,0.781565972840031,0.6987904517506262,41,0.9597919170916107,1.105307152436454,405.06253460771
-0.9640663359384248,-0.07861290292202017,0.5319022622611881,41,1.090668035468873,0.7408734902892153,418.6324661824028
0.7745601020522055,-0.3647093463393123,0.7151428777726315,41,1.1242109850114925,0.7751018667156252,421.95826810861337
0.44417054112115956,0.8049123099400138,0.4961865920213316,41,0.9227376366329655,1.0367314869001687,402.14802522401453
-0.2052918101598253,-0.8016883884626892,0.5784605464151193,41,1.111893949136942,1.067392764551446,392.6000749356858
-0.8661436506858138,0.34212092672968497,0.5567431852492124,41,1.0402798938884665,1.1438706783952841,413.3247655067516
-0.8596998395116788,-0.24236604136051765,-0.6814594489777175,42,1.0436024489046485,0.9824948695542631,380.3864835880293
-0.4743086314024493,0.9762170223095086,-0.5731470843293144,42,0.0,1.0251469938080626,407.40404087715524
0.7816985353672297,-0.533635493356405,-0.81401413699183,42,0.0,1.1066823771058212,413.1093896952965
0.029766787261010542,0.9917285265293048,-0.6260404534063481,42,0.8680308734842442,1.0070656697742568,393.0314922154511
-0.8660681830376517,0.26973894838676554,-0.7517852121364522,42,0.9050843804118356,0.9734083075788283,394.3310750534945
-0.5143379763170938,-0.9041938864462598,-0.682163943496901,42,0.0,1.0900502081080834,411.9119949306592
0.6989364338540688,0.6685966093223701,-0.7101554226723925,42,0.9606690888523517,0.9442333133800946,400.07536590669673
0.15543998643045448,-1.000338191015977,-0.5552585418406912,42,0.8870284416782256,1.0938662099060867,388.2244061370261
0.8404241660313516,0.1613093956543756,-0.7598241967885793,42,0.9427895961346449,1.058137390508835,385.6246158290214
0.7101905678765019,-0.7495733261742445,-0.6299541905047261,42,0.9027892174238512,0.9517386459281009,402.64466874361193
-0.8446056319196883,0.4763737867375872,-0.7650189285458212,42,0.0,1.05668151411744,409.50969253145826
-0.3490489983491189,-0.9986464097540472,-0.5406532705635877,42,0.9789452391323138,0.9385573277145467,396.93942747692853
0.9511148073230533,-0.018144109328936307,-0.6693871762767849,42,0.8402126225287643,1.0746901260431394,390.4464296680391
0.6415542401458002,0.883003711513928,-0.6239888316168969,42,0.0,1.1401466944912446,415.558852859505
-0.8454023086314348,-0.44062460664434133,-0.7586809356968249,42,0.0,0.9880395323636795,404.99371787972467
-0.24520861810593808,0.9035154035326418,-0.6406360206769692,42,0.9920357966265502,1.023165141299312,383.1174670190839
0.38063943109824133,-0.7952562832294775,-0.719304325961188,42,0.9757604512295998,1.0352270930265863,383.98218429069493
0.9732956921313515,0.2805802535959062,-0.6715417597476068,42,0.8682970530800114,0.9754130206179731,404.17664977421146
-0.035379705470868224,-1.0314511917831428,-0.7093976009632416,42,0.0,1.121702558004899,414.2006881370547
-0.8339729398472437,0.564079794201995,-0.593859355409285,42,0.8362592268793263,1.0359252813466935,391.9282833303086
0.4727986276469688,0.8200355817192198,-0.7234385011396044,42,1.0037960099161465,0.9401457484355114,397.81701770971364
1.0436155596618715,-0.3183699882225446,-0.5723495159482463,42,0.0,1.0446094637584407,408.68707698862124
-0.13253119140325392,0.8779406544820968,-0.8137436053446613,42,0.934016692842681,0.9463496747423938,401.2576899649461
-0.7109987222714502,-0.6860791525559142,-0.588607218604625,42,0.9118227387262916,1.0779793264663882,387.04759213533487
-0.6449454709428589,0.6863180614458441,-0.673815344248079,42,0.8684654044686451,1.10576042928499,389.1054652797717
-1.0226844139376023,-0.2006446528797,-0.5884761624420881,42,0.9792348432582298,0.9427590802465228,399.260863437801
0.3162133474367785,0.8884740157741924,-0.8034507720558777,42,0.0,1.0709721134856283,410.53851137458844
0.8723831138916537,-0.4855257602346947,-0.6357950841664601,42,0.9461841754118039,0.9364632939758284,395.7824899401872
-0.5207603437505801,-0.7105387086778784,-0.7798351122423238,42,0.892995400015802,0.9843892706643967,393.90415988003065
-1.060811459326335,0.01583325317723481,-0.6521696258192174,42,0.0,1.0952656330958548,412.2874674608244
0.25190656757011565,-0.9493043294886637,-0.7277496878315761,42,0.0,1.0045980820993627,406.06523019722454
0.8774887288561712,0.4636551387307804,-0.539143703507099,42,1.0154756907741052,1.0048401438756536,381.8720936755527
-0.9164062671770692,-0.5652638341682544,-0.3315241425085017,43,1.025201674586758,0.9400396965134667,381.7494793334062
-0.1417286876430629,1.1215501282499918,-0.5484620654168411,43,0.0,1.1280084379359925,416.24709613986613
0.3251266439844376,-1.124175856942909,-0.31184783901006735,43,0.24581339033660413,0.9807686837520236,403.85813628611646
0.9078648038587251,0.6357165002363248,-0.3993982417377188,43,0.9435010063202032,0.9915278653986016,395.09740259523153
-1.1278543793652822,0.17400729504406148,-0.2716171195294065,43,0.9170437792833571,1.0242767141905145,393.78137295590284
-0.5723819765189438,-0.973627237391413,-0.45283019888635695,43,0.014618600688482575,0.99450440675824,405.3917378543418
0.7379404026240777,0.9105152087359268,-0.3938040152106726,43,0.0,1.0456399997544334,410.70863621776
1.0310159554110532,-0.21452862451442758,-0.46659801104173687,43,0.9253168490575985,1.089503564455764,388.2292882735722
0.1869735877400477,1.083475539637204,-0.3203177861148306,43,0.9436926749214518,1.058435283532598,386.5180837032442
0.9983583785030667,-0.579509727608242,-0.4544894790957209,43,0.0,1.0629088843738193,411.86447159999756
-0.9230393590500887,0.7218799089075919,-0.3665247335427696,43,0.0,1.020835364292083,408.3458800150486
-0.21758946436305832,-1.0196045924280641,-0.509674263766315,43,0.9014021629112032,1.106754598888505,390.48760503860564
0.5847284017210618,-0.9591984617607524,-0.39498935552525316,43,1.010723462500318,0.9610901360394456,398.4565271427678
1.0819380827966827,0.15602480135438052,-0.49598733852917104,43,0.6777466821517253,0.9686368746496549,400.9929611032994
-1.1630706585588455,-0.34342717822076824,-0.3109172916015772,43,0.0,1.109336381120372,414.97719441943207
-0.5828274840970733,0.8647956400292083,-0.44240049990974123,43,0.9955665333514067,0.9985469863617334,383.34345240197166
0.8646594676564101,-0.6844636203048661,-0.2797814682216151,43,0.9722054580559004,1.02342430057515,384.59996488416454
0.24753345220637774,1.1245345953389825,-0.48166106616170196,43,0.0,1.0937665905839897,413.92982957988517
-0.184788234593532,-1.1127095907137852,-0.39684694759653627,43,0.8661927598139595,0.9649682154160617,399.7599234225273
-0.9409012044519215,0.5386600469236966,-0.5018457339180721,43,0.9077205996529494,0.9641597534148013,399.488204805543
1.0605718464541813,0.31998359999917003,-0.35924571836125185,43,0.8900284414507595,1.0798598632114562,391.561650739967
0.616129431561207,-0.9018236740101355,-0.5510168497493759,43,0.0,1.0101340836661918,407.1368004918195
-0.6132640375317288,1.0202859588221809,-0.33534183387711836,43,0.0,1.0470566371556558,410.80345413265275
-1.0655396684003642,-0.1471360242224613,-0.40677754955804085,43,0.9304138924140464,1.0808859177688097,387.74806870769527
-0.29835068683436455,1.0549995988249017,-0.36638012953166227,43,0.9138719267296996,1.1088536641280957,389.31005763050126
-0.9292352229273685,-0.641908375631623,-0.4923140403819363,43,0.0,1.031023990806146,409.5107816326007
0.9995973018065405,0.6252579266263939,-0.284240670615579,43,0.17571318670270789,0.9849334704293534,404.3231371729854
0.14330240010745937,-1.081564876024671,-0.4432384136746021,43,0.9410440697034146,0.9945690701946472,394.9746287995362
-0.7128180333812489,-0.8901334194685274,-0.31312485004377116,43,0.9672941134353356,0.9620766736271399,396.2863506747015
-1.1071543844501939,0.2230013702863011,-0.4259903915997533,43,0.4084782520345768,0.9738789795781266,402.779119378448
1.1851881695883721,-0.19049732288036944,-0.3566651872929117,43,0.0,1.110686931554458,415.0690464492708
0.5241203835643835,0.8794970036229426,-0.48038713170353853,43,1.0045978826314035,0.9807168108329801,382.8576869584802
-1.0032245239888695,-0.5152437039765023,-0.12805115016599236,44,0.9849405600281183,1.0109215604994506,384.4305635104834
-0.6972579109828563,0.9796989531567087,-0.2254929224760649,44,0.0,1.010432897887602,407.54448749323785
0.7748117302175513,-0.992076249075024,-0.04656038928749757,44,0.0,1.1382032959686421,417.3895325192042
1.0625841249206107,0.4833173232898226,-0.14000386546112753,44,0.9309394310475909,1.0070766275050047,394.821206280394
-1.168670624267133,0.17781573992305746,-0.02077058125095087,44,0.965833153879486,0.9638850545099507,396.5656822934115
-0.36057465894210633,-1.16223418794371,-0.20573480051798654,44,0.0,1.0364382415956193,410.4386257474735
0.4145503651659298,1.1198665785202797,-0.07377503860772797,44,0.8385197728819417,0.9655069518030892,400.2950935133499
1.1117516132454925,-0.11193440366482418,-0.23669382893789354,44,0.9520877597008479,1.044241589369816,386.22463467536096
0.7666051424108413,0.863561326913752,-0.05036273177239384,44,0.914247518454507,1.1082186456366718,389.7014603908656
0.9967612843401331,-0.6642274398169931,-0.16901633220443021,44,0.30303950951118813,0.9773687709646327,403.8410757929339
-1.0608826661811122,0.627500037247844,-0.11295187264556023,44,0.0,1.0511249569908705,411.4090038944682
-0.8191778747862004,-0.8337475616618676,-0.21001930502720184,44,0.9936247913217863,0.9585479091535172,397.9550968054182
0.25124851280275773,-1.131808410682402,-0.09587162694000345,44,0.893538952359368,1.0881609512332422,391.62787693684004
1.2164626055587815,0.07487199297787066,-0.2669368148076788,44,0.0,1.0917861736685683,414.09556484648414
-1.2197881517157423,-0.02074757527520256,-0.012204522736080215,44,0.0,1.0022204250518014,406.6246335361263
-0.2939232456116399,1.0789017058992378,-0.163916913867483,44,1.0081829875784687,0.9736389038100778,383.2019407436486
0.911936122161646,-0.6611940185760863,-0.0021384411112706746,44,1.0260952482381072,0.9382755553472388,382.2550770305431
0.5635855612330477,1.0602433505449063,-0.18568119942760694,44,0.08776149093282401,0.9901588482713923,405.2736532221217
-0.5289605594091055,-1.1295080092585246,-0.09278686768412779,44,0.0,1.1041803907918826,414.9144734398555
-0.8854744980427613,0.7175132059178289,-0.2590015528764122,44,0.8941511068837683,1.0526133447003119,393.0263233959141
1.12738871448181,0.3721363650457303,-0.11591109884167479,44,0.9816867669788071,0.9627197836043399,399.3579007502151
0.19726958937253602,-1.2067248986964016,-0.21144912890177914,44,0.0,1.0640640119801739,412.2639109221105
-0.13747018469219188,1.195236690791454,-0.0597175303798173,44,0.5078396701769481,0.9719446162384754,402.4782237488596
-1.0674611143172474,-0.4058056544522828,-0.1536868372104283,44,0.9240662296199055,1.091618005260008,388.7880737487258
-0.620185766560815,0.963001177588201,-0.07768528633788929,44,0.9357804075550825,1.071812671144934,387.70916168431603
-0.8866893790364909,-0.7709038780251826,-0.24094442862580281,44,0.7176678975499496,0.9678596903362224,401.08620813922374
0.8878175513721429,0.8493113133009136,-0.028856918271433128,44,0.0,1.0236968139673268,409.03715673328065
0.5860185122619213,-1.0055987155919603,-0.18895820635608188,44,0.9490618564654156,0.9846446255070428,395.72721841877774
-0.06445932525961007,-1.170267088282097,-0.033699313219231655,44,0.9141260055345866,1.0278883448113056,393.9990074080813
-1.2185149572841567,0.25341759122815005,-0.15901730997030217,44,0.0,1.1206853048154986,416.02528806719715
1.1800201163549102,-0.30847051276843773,-0.12841759911261455,44,0.0,1.0175502873616051,408.34343068295703
0.0014635887016959594,1.1198770541447798,-0.21920595864338357,44,0.9559430506968962,1.0393899875918957,385.963406844884
1.0436938469148425,-0.6437408518345736,0.15024205835467988,45,0.0,1.0577926825303534,410.3749390179226
0.9191523730354383,0.7383992507602631,0.10547115083291674,45,0.9467381355633564,0.9364987022048514,396.1927639734411
-1.024815496319459,-0.4885681252588975,0.21824881880527122,45,0.878929971491281,1.0990552842988974,388.94586982679243
-0.871312641955631,0.838448321826858,0.0607114033209702,45,0.8958551678500828,0.9564979670913395,403.5165124133161
0.6495357145762106,0.9972462492452696,0.2627510517150799,45,0.0,0.989702299449509,405.7362924783288
0.6846795727213774,-0.8966575751107436,0.025343606656330207,45,1.0201061886140161,1.00116144958756,381.9025019047528
-0.5255854893085581,1.0359737870299577,0.1746095284091402,45,0.8795740184581031,0.996580513483417,393.78087965704407
-0.8489776184130094,-0.9269010088145959,0.0770564068808375,45,0.0,1.1470909150725899,417.1249905903932
-0.19793698743876975,1.2113664527621215,0.21341451452987675,45,0.0,1.0971395806265618,413.30320704245565
-0.3256203330354774,-1.1168651466800996,0.04842725849851118,45,0.833800998471491,1.0667293243177594,391.0929322244267
0.06178415326283897,1.1217929642665336,0.15845506167418663,45,0.9910729930491093,1.0238786923786096,383.46128733741926
0.4416104774185834,-1.1310958351830478,0.1238884835266442,45,0.0,0.9969883737150378,406.22338200123687
-1.1576156011277745,-0.21834034915096023,0.20212507850936828,45,0.9888893497791633,0.9419924540653136,399.28457389319846
-1.103240560927911,0.29257995270684445,0.0834672518597651,45,0.9426864768009262,1.0582034639624194,385.947920852648
1.1625789108717672,-0.09259145296182644,0.23927211154393002,45,0.997699420325539,0.9397560643763256,398.0259637483503
1.1640640044778536,0.42197771611116297,0.015846030614062697,45,0.0,1.0686118384475376,411.1801203627713
-0.20374992814576148,-1.1977021153656786,0.25890910461590727,45,0.0,1.0833394912969532,412.2761791882959
-0.34090325279912737,1.1451070329716753,0.0011468207541838764,45,0.9916901816733298,0.9417700510813208,399.15940847445404
0.06885113723084266,-1.132955482272779,0.17849892199047204,45,0.917739212808759,1.0741883605866158,387.10593525009676
0.44199971674022703,1.1106500630131115,0.09865094798687862,45,0.9637105637207221,0.9439918018892146,400.4097800532127
-1.19199713091604,0.23289185867544876,0.15743335770403008,45,0.0,1.0140759200196379,407.36572072492453
-1.092991614295467,-0.29650880022076237,0.12526078550832068,45,0.9684636898294912,1.0406348543752357,384.67517550287073
1.145371542957425,0.09774900695058435,0.21204384509391067,45,0.8363473811797135,1.0358452068419235,392.27634336554877
1.1717073018354291,-0.4334378062196726,0.03608230166935977,45,0.0,1.1121674731953157,414.4216102562897
1.0529236508293667,0.6578006341251019,0.18610596192420753,45,0.0,1.1331390431117678,416.0045323538094
0.905449706331062,-0.7372881146720247,0.07719766385290676,45,0.845914100427918,1.027155326680566,392.6093203724525
-0.9857142524715033,0.4779317345989515,0.24974636385758278,45,1.0431561574176,0.9828494253711516,380.67010896048305
-0.8701646819053607,-0.8470303250550959,0.02453917733440654,45,0.872620360828901,0.9724456334013711,404.5826477409783
0.6518655497004571,-0.9883603284898693,0.232668023552532,45,0.9205730816516976,0.94741717874031,402.38232433480147
0.7040764284060004,0.9095534954359422,0.05616737427380847,45,0.9035603541406093,1.083273428597706,387.7740512613107
-0.5367445726086633,-1.040857575035608,0.13984381762961892,45,0.9146470353461583,0.9647221192160546,395.0383700453977
-0.83320306489778,0.8992732940538678,0.11669658666793062,45,0.0,1.0420341224561112,409.2663679660341
-1.0784591246727575,-0.4303764981238792,0.3511173136858983,46,0.881694860478131,0.9662171722738702,404.5865038129646
0.21143842084161538,1.050732038214849,0.4418159623603125,46,0.8615605436995973,1.101196135467891,390.39790271634087
0.9583382004958284,-0.6321848280357306,0.3224588235009484,46,1.0053698329738108,0.9406838040718002,399.0467281656269
-0.45113342962413916,1.0399469463160718,0.5224332780151661,46,0.0,1.1059400717007195,414.2390371696451
1.1299718890860326,0.41497821105769617,0.2871219178603556,46,0.0,1.065746897375698,411.291102267768
-0.23583786307066507,-1.0243153642049723,0.5101648239618798,46,0.8322487963154317,1.039568135296048,392.7245943418936
-0.90230822629921,0.5690839061897349,0.3701671481906369,46,1.0167255760861935,1.0038471737637316,382.7974932697544
0.46887683966603794,-1.0230680053783918,0.43843933439315386,46,0.9135490413976969,0.9479749299982234,403.14499846437604
-1.1183358281898124,0.29000162960965503,0.3173770567032412,46,0.9715648589232232,0.9433681233693308,400.53589144357153
0.3326461976921462,-0.9887119454429276,0.4538203779646802,46,0.9769217705135622,1.0343664183802752,384.91334833524064
1.0012010446413626,0.5016151816312308,0.3587685167565261,46,0.8883540818817575,0.9886051880890825,394.65470983356374
-0.571832321661998,-0.9804691163892646,0.4701025347108111,46,0.0,1.0299183181160627,408.80147732704927
1.1412133698462006,-0.330124084280683,0.40447952518960734,46,0.0,1.1315874652102997,416.13737520513155
-0.32479411383985585,1.0625323335889882,0.4062059519300581,46,0.9412861183650452,0.9405246453447454,396.53165864257187
-0.9846985922205328,-0.5189652135582196,0.28455434847946115,46,0.9183641993572107,1.0737879020284489,387.7408763229635
0.5330537587283423,0.9588323862369829,0.534793010072197,46,0.0,0.9965888785198262,406.58895038064304
0.1618804029130671,-1.178998826174902,0.2967001629885526,46,0.0,1.0214652370964512,408.2337587927467
-1.018979403712581,0.07206199802166616,0.5101197389737347,46,0.9569542385830521,1.0490614315047702,385.967356379694
-0.7356759514180092,-0.8441074417928376,0.3746611305925786,46,0.924359209090638,0.9559001162120833,395.93143722065815
0.9385050523800164,0.7087334164424288,0.4433171661572465,46,0.0,1.1386082275780458,416.6599053049963
-0.13348251214630444,1.1704874346102132,0.3693669154202822,46,0.0,1.054764298371192,410.48559268902966
1.0714767195012083,-0.10045630344258286,0.4572694656301114,46,0.8390783204251646,1.033364572242411,392.95880246426066
0.6976033793445052,0.8456711766501822,0.29512931617002386,46,0.9878153282711357,1.0262930064430549,384.3342783435417
-0.8561533549274022,-0.6837400607838463,0.4901122771437141,46,0.9585300208407712,0.9444031683113134,401.11009694887065
0.01762003465742402,1.1404306167103315,0.40336501370546723,46,0.9014915480507476,0.9526293267985784,403.69063927661625
-1.0341488351039207,-0.20060233042808215,0.39964551968156975,46,1.0284807612580829,0.9945082788884146,382.1726216592677
-0.6294023955235267,0.9366755825746403,0.27510025348085176,46,0.8492275494628623,1.0858832411182089,390.97602277454547
0.805354876754924,-0.7840942743985149,0.5316432671122252,46,0.0,1.087905823766829,412.9163302721129
-0.04587114509087972,-1.2007185797093427,0.3451308441040522,46,0.0,1.1134907219947803,414.79283332801106
1.0701380608841053,0.18242134520586037,0.4884390200869441,46,0.9965450168653356,0.9396822767907215,398.49111704655695
0.6387719842993393,-0.8973974629151398,0.3389439598095822,46,0.8986586106365562,1.086414208412888,388.6588978805979
-0.8319988920057064,0.7674217085601223,0.45342572432256606,46,0.0,0.9919314031706347,406.2818769007566
0.3996008815822805,-0.8990403814569068,0.6336565179642358,47,0.8841693522240887,0.9579094801750143,392.3978038372823
0.7988034824035074,0.5265978975341336,0.7532309021401014,47,0.0,0.9800512964034425,404.65852524859815
-1.0780387729214127,-0.15830614304445606,0.6119712557447681,47,0.0,1.1129469254487976,413.2561416418767
-0.06779298117347901,0.8425498497470739,0.7563567013893855,47,1.0194548105936405,1.0315781351194482,383.34630073756983
0.09476309477828522,1.009685128931944,0.5479365274015744,47,0.9347862134053998,1.0766464223296612,387.96480399919034
0.9547342455554448,-0.12721397803766782,0.7705272883545936,47,0.0,1.0410230549327166,408.86529755182124
-0.8600973166729843,0.5495554183444522,0.6338822717659973,47,0.6361950128740209,0.9058653187467703,400.4009442456198
-0.40709438491750244,-0.8816580489629872,0.6842680989986496,47,0.9963780193629996,0.832034686146824,396.924136460968
-1.0152033526158821,0.11412541562091488,0.586759946187396,47,0.93397765814929,0.8696546110707977,394.3955949952661
-0.04954778578921243,-0.9055808561103469,0.7991526846848074,47,0.3400487548563205,0.9456865345563558,402.32039418468344
0.403841705449684,0.9446070596688609,0.6953478724860525,47,0.0,1.0721260378540551,410.7742192477643
0.7785932650725254,-0.4864062131152583,0.6798160011854956,47,0.9877881558057898,1.0513426152304317,385.3694983866588
-0.8199597809180628,-0.5006158751574519,0.5823848177496577,47,1.0606210540471148,0.8766929701434358,380.6352691906266
-0.41167229985546167,0.9363273445701819,0.7297073609652119,47,0.0,1.1429688824477198,415.12429094330867
0.0718238789817907,-1.088119167896414,0.5579225138142774,47,0.0,1.0080458163717416,406.5632338291062
0.8799544000362175,0.08894931685551204,0.750915366407295,47,0.8961633737734405,1.0704044561281032,389.8666614973534
-0.35251873164834374,-0.971329219928338,0.5420460262186697,47,0.8627376381772351,0.9958841328509056,391.54337233562904
-0.9170363117245197,0.19657566584924616,0.7846809241273106,47,0.0,0.9999641185558582,406.01336624100617
0.8538786460624789,-0.6607869195991182,0.6389378687692474,47,0.0,1.1347050019140648,414.6078815626604
0.587586546982722,0.7025769264053295,0.6629675500848564,47,1.0331615707975028,0.9890910866405511,382.44340663213194
-0.6252931013435971,0.7263412893928191,0.634230013366051,47,0.9523060090458707,1.0682822471838624,387.1035295047132
-0.7919355784982611,-0.5949163735611247,0.7433595083820171,47,0.0,1.0627821616607047,410.2061087303664
1.020057384217375,0.20451945067442762,0.6114095597784075,47,0.4242042671949255,0.9343863852623125,401.7749464923457
0.3162333325905851,-0.8363907421281346,0.7772281395738051,47,0.9760104360106236,0.8144727531208934,396.0988162535057
0.7845345317716031,0.6331113461024737,0.6405356958986179,47,0.9236782915756776,0.8671875468105937,398.57613947299853
0.6454347674334147,-0.7436667088197212,0.684585971474253,47,0.7257912922186804,0.8938111065001548,399.8273093626645
-0.39979039973265224,1.0131149177627652,0.5747561902446061,47,0.0,1.03344226268643,408.3350092047238
-0.8743154138847863,-0.2166824489655517,0.7303523016825727,47,0.8990632569068113,1.0767509056023878,389.7238660806116
0.9740642571174524,-0.22979983329599885,0.5484955396589454,47,0.9928904649682513,1.048672312582573,385.0961519586644
0.34861699488166115,0.8552412822576759,0.8389420030982943,47,0.0,1.104146516289933,412.7210740856399
-0.6730322870370951,-0.7595619896233637,0.6694051588284263,47,0.05832676678006021,0.9725236461162964,404.14635429123837
-0.7295996741810163,0.5765634459969566,0.7214209289900213,47,0.9265565570491052,0.8828039903568452,394.0948826037349
-0.16870913253570802,0.9757034314833652,-0.798869693203547,48,0.0,1.088969930173577,377.6346980434892
0.684605273433813,-0.9348564352466948,-0.7001435902068527,48,0.0,0.9623053729776105,398.4885699185218
1.0990509326982396,0.2554632876451285,-0.8097167486007214,48,0.0,0.9091977298315225,407.63428207628016
-0.9874457708850333,-0.6072876478747431,-0.6240915284070433,48,0.0,1.0178620574620256,388.8797220621217
1.0095524812600363,-0.2996983007146968,-0.8130703344695976,48,0.0,1.078604114220601,392.44130569749666
-1.0554467138074761,0.596962814575469,-0.7057322196990291,48,0.0,0.9207121495758932,411.36657932503937
-0.11287357152030061,-1.026764033831912,-0.8978322295898281,48,0.0,0.9149766280529975,402.3381631831985
0.6697352037314136,0.8449076835912571,-0.7029116524086022,48,0.0,1.0715315465361925,381.3709627617762
-0.5119532800631054,-0.9353163371462139,-0.7375582700875579,48,0.0,1.0359794562955347,383.762584821386
0.3352300726809306,1.169956028337331,-0.6303141334381079,48,0.0,0.9139209994251694,402.8500726574718
0.8375350982274715,-0.6809653277539081,-0.9043870797311861,48,0.0,0.9249609453465437,412.7529998577372
-1.1210622027033217,0.13579774534893377,-0.708506073997439,48,0.0,1.090268960358921,393.1307856700274
0.7882084038435047,0.5659867600543532,-0.8761613323266829,48,0.0,0.9949799280783549,386.53574303261047
-1.1346696654400745,-0.17972552526179641,-0.7770856205036958,48,0.0,0.9076827316850832,407.1434980282007
-0.5766415922461215,0.9151744434530438,-0.8045760616701044,48,0.0,1.0025794129708718,397.00687997633656
0.26429262998063474,-1.075437148690896,-0.6203458741169632,48,0.0,1.090706068618912,376.9027624203365
0.08323767375617679,1.0057013570201212,-0.7630222795991474,48,0.0,1.0932155562935328,375.8447918248157
-0.7528294830747903,-0.8995414875892415,-0.6526123143102736,48,0.0,1.043373841122273,395.51051811404125
-0.9730690336128609,0.3192540618545608,-0.9267214322560122,48,0.0,0.9082369202036481,405.6187597062449
0.9580169948584286,-0.506848230799178,-0.7246491248575994,48,0.0,1.0086205138834625,385.6094189612879
-0.9606445021344566,-0.354303201070471,-0.859606245129408,48,0.0,1.081618865874527,394.10766975814767
1.0939473682687628,0.496564623838573,-0.7448429593641667,48,0.0,0.9443610182893877,414.1613884234951
0.050346372438465,-1.1248678626656772,-0.7915946610210391,48,0.0,0.9107907971616678,404.36801197139016
-0.7956428157397392,0.8389829371992389,-0.5945846836063797,48,0.0,1.022115471760984,384.6952279099491
0.4084330072436307,-0.8767567570895096,-0.8428810375416294,48,0.0,1.0826023988991509,380.3335914313388
-0.411690286802062,1.0690541872177037,-0.738501387578127,48,0.0,0.9179917794796655,400.87601585127607
-0.8063341790549757,-0.7474414267325791,-0.8623756547456204,48,0.0,0.9161130746187396,409.8745098392724
1.1484121780472194,0.036770637031384466,-0.6637745710379308,48,0.0,1.0632983695287421,391.5366212889267
-0.8082601545729466,0.6965424401560387,-0.7778799374406976,48,0.0,1.0348055405182215,389.8697771176873
1.2244915170752682,-0.11326248877330405,-0.6571222612528163,48,0.0,0.913634627290888,409.0716161754264
0.48227184349908253,0.9407653967803531,-0.8552340080271531,48,0.0,0.9202066270110046,400.04402631056524
-0.32982962049876663,-1.0446296090095024,-0.6544934498365145,48,0.0,1.086691567708947,378.5955492830826
1.2193104027975292,-0.43213480802664794,-0.3413872373195815,49,0.0,1.0730332255192585,395.35993017428194
-0.1984124441876863,1.2765029555109977,-0.47842448391465614,49,0.0,0.8548756399069312,405.69532817629914
-1.080571742088128,-0.7626442693933693,-0.47491628792940566,49,0.0,0.8850044374399784,413.02472939903015
0.51697020625199,1.0503521110217564,-0.5341182275118737,49,0.0,1.0606614843788185,382.43241461524764
-1.2067727054142534,0.20338962118275822,-0.37394726357986313,49,0.0,1.0778956486851643,380.6598632852047
0.40699716060309277,-1.192990709146423,-0.594767493485977,49,0.0,0.8485539597496181,409.9844932676579
1.178488612677003,0.562845519908875,-0.3291729016787952,49,0.0,1.017002907382193,397.66031971222134
-0.7082415801315287,-0.9767502042774467,-0.5143264428279336,49,0.0,0.9673257880101513,388.64242235909205
1.2062659943651033,0.3244893498373422,-0.42282839798481203,49,0.0,1.0065824604190485,390.46631797082875
-0.03395358882758597,-1.2456933446182508,-0.5419290968953282,49,0.0,0.9414123086884931,400.79721588350753
-0.9810085599903887,0.9053854048635697,-0.37787714444019993,49,0.0,0.8283449964324883,408.2969350433401
0.6053484080358998,-1.011993062714912,-0.4605282043973223,49,0.0,1.0954578844007443,377.2941432221589
-1.2656431404204045,-0.049770681336789406,-0.2953225177461941,49,0.0,0.9971492602323074,385.87315469627185
0.32368512640428526,1.2668687469757949,-0.5303491541488394,49,0.0,0.9054383544429553,414.5406361082306
1.122434986546145,-0.6523084977631614,-0.42241973540951927,49,0.0,0.9110199830321288,402.4530018373218
-0.8200830161758378,0.8673594806765419,-0.5901708876187073,49,0.0,1.0763786982821357,393.73408309658333
-0.3636512759722899,-1.2088516682131938,-0.3958523332897574,49,0.0,1.0294644972004952,391.52943524267937
1.2195146999276434,0.009260311443440679,-0.61112141959746,49,0.0,0.9160675863776293,402.16172306695086
0.9442216821660395,-0.9892541405026594,-0.3340163666692017,49,0.0,0.8928231325869791,413.6750624647894
-1.0507696650611427,0.5833092898055056,-0.4802345794096662,49,0.0,1.026460420484744,384.28523858630797
0.023651751818074183,1.2151945274306675,-0.3493964486929066,49,0.0,1.0971452774431738,376.9722364516211
-1.239902192694641,-0.355725075817493,-0.488965566078665,49,0.0,0.8461994901399698,406.20110440474076
-0.6084711421687544,1.130013637482456,-0.42852628509846125,49,0.0,0.9779316409213502,399.271612406531
0.8585180389332365,-0.8391203580658316,-0.536679418038109,49,0.0,0.9860173205697869,389.5108455371204
-0.38705178103158344,1.2011188205197199,-0.3234982706014495,49,0.0,0.9872629364543009,386.41510292647433
1.2242528703244264,-0.21573541326380377,-0.5151425576983899,49,0.0,1.0246362903538884,397.3469223425292
0.7491777405870634,1.1006666088296164,-0.4008894560135104,49,0.0,0.8381075352050117,409.11216006687357
-1.0110509363284859,-0.538632341306548,-0.5550839113160829,49,0.0,1.0864599296237978,379.01069798495513
0.22578806246397207,-1.1932428050598636,-0.42129367226419184,49,0.0,1.0668832154187005,382.0953557317028
-1.2119082956617417,0.3745272335160056,-0.5868400095455774,49,0.0,0.8607638451561271,411.0040850305994
-0.6078281782175586,-1.174718852809578,-0.36404213530631324,49,0.0,0.8809230716481593,404.1897847697008
1.0273716820880852,0.7183701340219861,-0.4569981648385387,49,0.0,1.0911672142088582,394.4339787711733
-0.9144764824232767,-1.016229096475852,-0.2612061481497652,50,0.0,0.8424037867347894,409.9865144609386
0.36169381413614443,1.2768205830568362,-0.026767753812525035,50,0.0,1.0531702912049061,392.9791664540893
0.2790563804895391,-1.2312002882386655,-0.16101648149155456,50,0.0,1.0868702452695107,378.9149611968738
-0.9638310592544301,0.9665584706569847,-0.09313839615777084,50,0.0,0.897604744829377,403.73731476350474
1.2007186998667179,0.5771557254870927,-0.2248669107967278,50,0.0,0.990465668266857,399.21745256452164
-1.275059712809241,-0.14586373528891622,-0.14463379136814708,50,0.0,1.0389336192413658,383.7047552305487
-1.2713425066860327,0.20650201570208607,-0.2686703668894857,50,0.0,0.9900251735555775,389.959014152753
1.2894842971803633,-0.5495452113951584,-0.0459323437277128,50,0.0,0.8760540002190946,412.78437724157334
-1.129812797567361,0.8263684625619132,-0.19868719440252275,50,0.0,0.9220246214690646,415.7488376639725
1.2066313483393805,-0.4781687819557007,-0.10717572608926251,50,0.0,0.9891243901585395,386.47826458826574
1.2099248190342289,0.4147906769183938,-0.22553388148809914,50,0.0,1.0054750086599182,385.5639469243806
-1.0484114413157068,-0.8419589574912311,-0.007986012085456967,50,0.0,1.0306599013714017,397.53372374839245
0.6932268209889744,-1.1481758588287265,-0.2995692269940719,50,0.0,0.8698989934452666,405.35089360698123
-0.02375555791906808,1.2634988389256974,-0.059730645227784464,50,0.0,1.0965232418384112,377.043357275491
-0.09535772619021438,-1.3210257561550038,-0.20458613935210415,50,0.0,1.0588534646619236,396.35270071909014
0.6486973881864126,1.210809698803921,-0.13461885405391533,50,0.0,0.8428994678523664,406.92068490288693
1.370784989283664,-0.06280574029220468,-0.20104284033766484,50,0.0,0.8266568695555566,408.67652283253994
-1.1177969482904841,0.7162755651680954,-0.12027439210025852,50,0.0,1.0842129230780952,394.47815168303805
-1.0734076425451329,-0.61073883010607,-0.28608634471793903,50,0.0,1.093235418096978,377.68082811300343
1.363579364562692,0.13298106100978135,-0.07480230465873908,50,0.0,0.8797946379864975,404.77457273941394
-0.4548467366344976,1.244525452326719,-0.24311173137334197,50,0.0,1.0150303666261822,398.1884420002564
0.7368002453340096,-1.0661825330088839,-0.016027391267504274,50,0.0,1.0177957718678898,384.87932015058885
0.7869926665882676,1.032558671628599,-0.17518763341139995,50,0.0,0.9591203781550068,388.4822648066385
-0.421356420627248,-1.338376824838091,-0.10676865131216194,50,0.0,0.89107540497068,414.0222528481287
0.19217377220501142,1.354935457279521,-0.29639350699217454,50,0.0,0.8689854250633953,412.1978503867742
-0.6021382047476208,-1.1714941228753981,-0.05310268413330852,50,0.0,1.0037636259444496,390.61548996237826
-0.5263793306685469,1.1528403527813458,-0.2040595709659179,50,0.0,1.0727635890792169,381.70043821482255
0.25005383568540457,-1.3273872577256234,-0.14188204670964114,50,0.0,0.9459776391650039,401.09243851059324
-1.3096937745986208,-0.33325145778332205,-0.1632500457662666,50,0.0,0.9290076742319999,401.90841282163865
0.9726586007324508,0.8292040072641436,-0.07865980206460413,50,0.0,1.0767293081585865,380.9113643341066
0.9432765614309035,-0.8940903803989987,-0.25737217742329077,50,0.0,1.0400376737149513,392.3488027260352
-1.3664011025721565,0.2736104088080667,-0.0373692880023359,50,0.0,0.8493376462270636,410.56334469278556
0.9572279462838604,-0.9211991824151712,0.027500752888093175,51,0.0,1.0712864273360965,393.46526327179157
1.1292119031406922,0.8053609713298354,0.20825946116529204,51,0.0,0.9203379254752886,412.63544813972663
-1.3634464191067905,-0.1353735289888611,0.10880280466659344,51,0.0,0.9118321252269512,405.2823482472075
-1.2683268344932574,0.06257767288817556,0.2638369797227059,51,0.0,1.0341309364826006,385.340776401426
0.28907365166717214,1.2264017946343775,0.13860301149309745,51,0.0,1.0917412271853035,377.92324836191784
0.4897091333698868,-1.2339908634016385,0.23416957896830515,51,0.0,1.002627900375602,398.43649765610263
-0.6048982962168629,1.25344240636978,0.0653541286533364,51,0.0,0.9128401207823508,410.21514055022215
-0.6268722177881054,-1.148391923041043,0.16062957408816955,51,0.0,1.0248956548312633,390.7489915440592
-0.037999962058429655,1.2999064287848185,0.0755253326083921,51,0.0,1.0128125518323507,386.7802849657452
-0.23731425027213104,-1.3232910294632967,0.30986660361981144,51,0.0,0.909046964873923,406.6372208200501
0.8075848581463109,1.0856110489443664,0.018448410620105205,51,0.0,0.9668798890028671,399.745995729117
0.7983878899914045,-0.9718751852871339,0.19804784290097077,51,0.0,1.0883767935024513,379.33461228282727
-1.0750235164119033,-0.6960566726990718,0.05107662090295307,51,0.0,1.0833430704416334,381.4673096457055
-1.2285511207437179,0.5586425053352462,0.17545501741265246,51,0.0,0.9190851683613119,401.7696320037564
1.3374873563639158,-0.417882571886677,0.12402474489456429,51,0.0,0.9237448277664506,413.7419545418838
1.2655973456402136,0.32898012798802795,0.2598262110269747,51,0.0,1.0907149442168835,394.6078673389097
-0.5035489138608968,-1.234408625402752,0.12770720542768324,51,0.0,1.0649117719914902,396.16336459945205
-0.3306436794258937,1.347432068161418,0.2632657299497171,51,0.0,0.9369616533786933,415.1763860852147
0.6735877137831615,-1.191137810306126,0.04204873141334432,51,0.0,0.9147392349358032,403.87440797901843
0.5731855469224623,1.1424940371251824,0.1799872142939009,51,0.0,1.0573257416267658,383.77829842365867
-1.0350901632491318,0.7527675673066068,0.0006737445199977819,51,0.0,1.0844378605024836,381.0013461700546
-0.9568544161715531,-0.9373139350584175,0.2298769808079332,51,0.0,0.9255976993682399,401.2693194535828
1.3813449663040152,0.08933817386424694,0.09593404158193755,51,0.0,0.9081687255724208,408.7079477494607
1.2729823083413612,-0.14656783893565808,0.27941688742589615,51,0.0,0.9957310221148089,389.043646664472
1.1922625092296406,0.555083746376344,0.06833764020752378,51,0.0,1.0194236067786895,390.4290242323486
1.1533433088190175,-0.7621514609535233,0.1646267664804692,51,0.0,0.9119322165487218,409.9222116364369
-1.2890594267866449,0.3565996874913042,0.13769922881434368,51,0.0,1.0277172639140608,397.5208278342053
-1.1807593630536672,-0.38869641289827084,0.22664016890954614,51,0.0,1.094139718464763,376.9170926829701
0.23955904882556994,-1.269541635492224,0.09873815067980274,51,0.0,1.0389285368138108,385.0175943433292
0.051943803552241194,1.342868762789968,0.28289591209279374,51,0.0,0.9124429204918926,404.9865344199854
-0.9045986458435369,-1.0670567929958785,0.030377522795215585,51,0.0,0.9176514809803877,411.7674920697289
-0.7979701670599227,1.0395465581506456,0.19607399108059853,51,0.0,1.0551498245214417,392.51804496807847
1.1981399312968715,-0.1821250681922398,0.38314727965272866,52,0.0,1.0897058110143547,378.3871074902135
0.03342725855651324,1.2774608482929375,0.48395052093111557,52,0.0,0.9161263460181699,402.9260243282567
-0.2689623089034693,-1.3079782207929596,0.381383108694141,52,0.0,0.9091349029015605,408.7637320143536
-1.1078746162778872,0.44193740586468133,0.5864338122698536,52,0.0,1.0728495368555735,393.15695820410025
0.9276936247157278,0.8720596086683756,0.30988907433110396,52,0.0,0.9908845851427659,388.3017124102332
0.754353997981422,-1.0419695813049952,0.5762318007352468,52,0.0,0.9260272283691748,414.2128221716382
-0.5140587998170095,1.1707287173808372,0.43022051319658444,52,0.0,0.9959174400863781,398.3651134375047
-0.9983308645282881,-0.6645948451356752,0.49136419937357373,52,0.0,1.0375986235078907,384.63427193792745
-0.14255367193186294,1.238619633159788,0.33348089400795156,52,0.0,1.0580838999275406,383.26800346299325
-1.221288258522121,-0.10877004780582511,0.5734475771822986,52,0.0,0.9639295816281279,399.5529465982771
1.2987620029182545,0.3525941720763854,0.4048441410994615,52,0.0,0.9226251461233913,413.1161104926354
0.41581188649047246,-1.164704421137646,0.44894891380962554,52,0.0,1.0139628246497645,389.66654958908856
-0.8024422150365154,-0.9679078426457386,0.4457516812912297,52,0.0,1.0939609364850034,394.4188723201817
-1.0024720947542833,0.7833218687178538,0.5452624244603382,52,0.0,0.9066337850632163,407.5587941805635
1.1963748988597065,-0.5779385488609721,0.3388277297064538,52,0.0,0.9135962886919671,404.1606233804245
0.5751685104709379,0.9937686099223167,0.5325481671074364,52,0.0,1.0928776604202195,377.0915936547709
-1.1905140889555197,-0.2767944657247856,0.30918022652343136,52,0.0,1.0958178538139975,375.8906976685134
-0.436639945610257,1.1763747895456766,0.5648722442279827,52,0.0,0.9109647899672019,405.4447230716564
0.2274941457186273,-1.2814358313175183,0.45679695668565257,52,0.0,0.909229861604557,406.2915538592457
1.2355804758701736,0.0034579953230087913,0.5143913763493824,52,0.0,1.0711387563583152,395.57483951244535
-1.142831707537916,0.5349520378421404,0.3861076650766059,52,0.0,1.0311012340349708,390.6801077640212
-0.6980098780876661,-1.1089033740774963,0.49335948515286593,52,0.0,0.9183642505415786,411.7420689164829
0.9203410961877008,0.9345213056153227,0.3564471231615684,52,0.0,0.9244538771985599,401.0206291759208
0.9543888671363948,-0.6555823411964775,0.5607832078885467,52,0.0,1.073542133352553,382.2370143479764
0.35140279136399794,1.1841627744216128,0.40970332618454763,52,0.0,1.0176144741714066,385.96912718162406
1.1877359519548372,-0.39102313150651535,0.4941720044779794,52,0.0,1.0276566401847336,397.18777346492936
-1.3620847030495677,0.19015004962833065,0.3269726057149512,52,0.0,0.9448460969475128,415.28403236698404
-0.07565098471532293,-1.1949952459330615,0.5193028082071501,52,0.0,1.0034215288128787,386.9446197694535
0.5811873944608971,-1.1307049601058394,0.3676802500152013,52,0.0,1.047888254000495,391.67288491949637
1.0903201779881095,0.5976004266916966,0.6267906775059738,52,0.0,0.9121111228345776,409.7241667060671
-0.9779305875839206,-0.8537785319924824,0.4142300159574376,52,0.0,0.9181646652423863,401.93138007408487
-0.7096571885849284,0.9546220488898558,0.46516449706960566,52,0.0,1.086016371480196,379.90397851384904
1.156994313943018,0.009471547549121963,0.7139889017708546,53,0.0,0.8987636029609547,399.89826415979445
0.7696448263019939,-0.6809217787378942,0.8446241469286486,53,0.0,1.0686865811966635,392.23181638554956
-0.08439087351167422,1.103051460543216,0.6483621651663908,53,0.0,1.0765807356796357,380.0214290218567
-0.767033907161603,-0.8137648284720896,0.8244083510219141,53,0.0,0.8599572898127379,407.71419772569095
0.48240863301608644,-1.129039743008033,0.6699357224584318,53,0.0,0.8065178749337691,410.18124664015795
0.3440796973071919,0.9890433046235447,0.7205335615090741,53,0.0,1.0764501257233856,377.243337999534
-0.9805540053304832,-0.5005004872987437,0.7282103516513099,53,0.0,1.0173184398586523,389.5918746925076
-0.958589894643189,0.36777466570222483,0.9059208642560929,53,0.0,0.8920388537027792,402.429866425848
-1.1972451428096669,-0.08341064315441588,0.6655431742537697,53,0.0,0.8905313910439597,403.2387869194611
-0.745927762913468,0.7105652398565454,0.8039077494476782,53,0.0,0.9771593202980219,386.20103603381574
0.04287385386626527,-1.0837299320159688,0.6559812600628033,53,0.0,1.076407896579981,376.3543304426199
0.6923002849831565,0.8311680594585451,0.9047655055005719,53,0.0,0.7404523320980266,413.23936727956107
-0.52094902180091,1.0380062059383186,0.7528380459392793,53,0.0,0.8848022922979848,406.32535323125586
-0.35094926011591165,-0.9005091875694363,0.8672661148926574,53,0.0,1.0135057916388992,384.1118115020479
1.0764407568949588,0.5003952049120838,0.6127378904707621,53,0.0,1.082136301751343,393.7115656188854
1.0368046796825319,-0.32638317274699996,0.7917915716761782,53,0.0,1.0133394051850089,396.0258916091323
-1.0172390432008527,0.6366252726192808,0.6200836628629212,53,0.0,0.9670314569605444,397.58368990352994
-1.0477504822694568,-0.2933193021385112,0.7809492964912282,53,0.0,1.0557491074923884,394.59923021614395
0.546280618781463,0.9369492767328715,0.7021235890906825,53,0.0,1.042545950445928,382.46699002051207
0.20735119482169317,-0.9992656035241869,0.9302651677668362,53,0.0,0.8863385054747849,405.49578755431946
-0.20436962247849363,-1.1896861403681467,0.7225715161696704,53,0.0,0.7597143557172764,412.3468373659595
-0.5979325999805991,0.7574925347585216,0.8117893967834909,53,0.0,1.076332337397467,374.7636591944364
1.1321845724783992,-0.15812683374240008,0.6408531263963174,53,0.0,0.9701119715529049,387.17784539179576
0.8986286171411719,0.6146095363311405,0.8445445009539797,53,0.0,0.8878242163470123,404.6934934690556
0.9897133490445766,-0.537914735106641,0.7687023409957179,53,0.0,0.8947317199609883,400.98484575480165
0.9708274278209447,0.23360704383703185,0.8573381518005044,53,0.0,0.9979519875885706,388.6015192410467
-0.6044864974373003,-0.9542572843707634,0.5967952892344744,53,0.0,1.0765255934208755,378.8394294960889
-0.30098047190503663,1.104860298860861,0.8088801905051288,53,0.0,0.787471675148023,411.0606673143053
0.13114111654518149,1.2010255348778682,0.6923513842965611,53,0.0,0.8418559440862475,408.54985255885236
0.6045176575503888,-0.8266599662403372,0.7825042700785589,53,0.0,1.056559285906604,381.6732810278426
-1.1049415763303796,0.19603691355166514,0.7078164947538619,53,0.0,1.0515569933147617,391.3443603591534
-0.8370857247671752,-0.6513063991618382,0.8410869510569229,53,0.0,0.9448235939480631,398.3355615410978
-0.563770796752893,-0.9395591868477405,-1.0096812017687418,54,0.0,0.8824037353892655,392.22425162169395
-1.210484929525249,0.5295715756004915,-0.7336501385597931,54,0.0,0.9396726644131214,397.04685516910786
0.5037686497864144,-1.1340111758619265,-0.9726792448072931,54,0.0,0.8156086358194159,409.7026382335112
1.002228526105276,0.6608122805050087,-0.7682210842347176,54,0.0,0.9764950144768787,376.8665652257627
-0.7607372343355175,0.8907599574964623,-0.8609660325110117,54,0.0,0.7888681725928521,383.70630515046406
-1.0750710177355045,-0.7981133138613226,-0.8031130737989204,54,0.0,0.8614681590362769,407.1414825409916
0.7404820169993528,0.9132992288734931,-0.9944942696833742,54,0.0,0.9815475299806167,403.1245636683324
0.9944749075591525,-0.8594358312073481,-0.6690945823393166,54,0.0,0.7984111337247612,388.7187901084842
0.13992530358189717,1.1566108790753735,-0.8832791435442978,54,0.0,0.712608932544127,385.66550017074525
1.2680645391251946,-0.06810649635948376,-0.8481794497385793,54,0.0,0.9798645541334648,400.5249834189583
-0.11231544364437787,1.1646912533777463,-1.019247374231366,54,0.0,0.9151726981492899,405.504013959605
-1.2433858140722218,-0.15757538260166343,-0.7151182873780743,54,0.0,0.9238467257117654,381.12590231616934
0.379527292438701,-1.0460414476161848,-0.9079493566650603,54,0.0,1.0092193930770808,379.4912494878411
1.3659160777683423,0.3031836013721772,-0.7468370961399701,54,0.0,0.7876816121037238,410.6487003824493
-0.27797558381271575,-1.2186414662132192,-0.8724573149630359,54,0.0,0.972792178798137,399.9129537627638
-1.1836023429116158,0.48751190586787446,-0.7866525272314718,54,0.0,0.9159956403535672,395.10837525196706
1.1816990778280263,-0.3541843946391186,-0.8522998351293771,54,0.0,0.907807555210283,394.4053651108771
0.4056007553215799,1.2194425174645362,-0.8130250542030556,54,0.0,0.9636342645265363,399.1204456085219
-1.1748630470943442,-0.38215211261354265,-0.9813491866053159,54,0.0,0.8122720616997444,409.8890547268536
-0.30813756092075,1.2181131729472456,-0.6762246083570186,54,0.0,0.9833672757591775,377.26335251011943
1.094017132160278,0.02904049882097612,-0.9455537146391458,54,0.0,0.8824034576623887,381.91942742698956
0.2572851767227563,-1.3167727661733182,-0.7865846676103155,54,0.0,0.8956211059106148,406.1257826400573
-1.2228097255538244,0.18446727246815428,-0.9108679786864667,54,0.0,1.0022054672591998,402.3079159915321
-0.02452924288221228,-1.2190488293006942,-0.822709902059385,54,0.0,0.7717787938391966,387.7710725176517
-0.9256897208047906,0.660419748099429,-0.9518306831023602,54,0.0,0.8519337971936023,390.5893730404431
-0.9676461372741392,-0.9691511814751849,-0.7187916363047836,54,0.0,0.9436880061808139,404.4817777274476
0.937496838245069,0.8580758063077815,-0.9096470249447198,54,0.0,0.8567615828528462,407.4033972151718
0.7170527602107167,-1.0192581386008854,-0.7535052416454745,54,0.0,0.7570695846466247,384.30852192614174
-0.9867033768295498,-0.5262034028016934,-0.8695856902432926,54,0.0,0.9405542999639634,374.79143770606953
-0.6536077646322674,1.1378373385291918,-0.8623504207538425,54,0.0,0.8349360119489726,408.6228055805094
0.9794077817145689,-0.554255454405938,-1.0062425887607263,54,0.0,0.9352638218889963,396.68303893210043
0.5603960215404016,1.1700126875130177,-0.7279657905926431,54,0.0,0.8759323896160758,391.66863677091493
-1.2810164908578658,-0.4229629980469976,-0.6183387335181209,55,0.0,0.8109532010418355,391.950258156684
-0.31013208843014395,1.4255429510472022,-0.42237214892507086,55,0.0,0.9563066898500646,399.62519287358157
1.2891488144119674,-0.7195556246931805,-0.563819104908331,55,0.0,0.7467499404575259,410.69304317053354
0.5423317305679684,1.2254027473686169,-0.47062147107333735,55,0.0,0.8289452076366303,377.1432282575784
-1.0281502919448087,0.8319078028074898,-0.5681395356552056,55,0.0,0.9594284087493825,381.6248603969532
-1.047967176955259,-1.0504691963904496,-0.47886804264648825,55,0.0,0.9302125045500884,407.4559579751759
1.3769498488041771,0.13404562352231436,-0.6791624073496522,55,0.0,0.9883486862273467,404.15771129107924
0.2669177441486108,-1.397670181919688,-0.3523797139903439,55,0.0,0.776548491685749,387.79141919353617
1.1343083354931693,0.7993522865985183,-0.5138046556518939,55,0.0,0.802846166568243,390.9858815768907
0.9566967430384286,-1.093936207433924,-0.4904110082421515,55,0.0,0.9979458849683849,402.7147461613083
-1.4257601160194402,0.04394335663669326,-0.6222527383703982,55,0.0,0.939659585929364,406.9851771642317
-0.17331695306399278,-1.399338044456872,-0.37903743606376783,55,0.0,0.7711811536277546,386.43958720609356
1.2104216347526844,-0.44297163071378304,-0.6250550235802896,55,0.0,0.9635759791994374,380.00550472490056
0.37391220693543564,1.4835657676676524,-0.37438281812725055,55,0.0,0.7955920018642831,410.01829393529727
-1.206380091121721,-0.7244274316652302,-0.5585306576153569,55,0.0,0.9428772842018509,398.59215327089663
-0.6268779047995463,1.3006204971351611,-0.4267698049105178,55,0.0,0.9087328878465863,396.7942660306186
0.7282445104209919,-1.1772284872530652,-0.5690214292876985,55,0.0,0.8662447364217971,394.8164449549431
1.2884637603178763,0.642122103810802,-0.44399642087607744,55,0.0,0.9132806443394748,396.99808683257817
-0.5060390789922136,-1.3292909109424418,-0.6696440380724132,55,0.0,0.8233744238191731,409.5362478239016
-1.346165416430967,0.35783848514371625,-0.3251322702143225,55,0.0,0.9400047185212759,379.5063198435023
0.060553372237295844,1.3270338166235893,-0.5867640561992915,55,0.0,0.8427515101806698,384.616478339674
1.479037267232592,-0.20543771841179062,-0.40839590443528867,55,0.0,0.9660595873913586,405.5037114159544
-0.8452832324754027,1.163759805839466,-0.5268033461746277,55,0.0,0.9924081765202148,402.32634196505194
-1.0408093953064144,-0.9368521689760104,-0.46707797294080916,55,0.0,0.7961030437438734,390.1768051026606
-0.11036492264111399,1.3065646795215857,-0.6635042641576259,55,0.0,0.7834387397516596,388.6319345169217
-1.4706388071945256,-0.26142746906395087,-0.38765239810120156,55,0.0,0.9818818954271732,404.5482296017846
0.8949408498397751,1.136532280130838,-0.6029879843440432,55,0.0,0.868558787342714,408.75226481594865
0.9912389119148648,-0.9630057690600193,-0.4301643642523825,55,0.0,0.8867453128089994,383.4884878285369
-0.6298289112843077,-1.1677359181511526,-0.512807810417672,55,0.0,0.852395735193672,377.64335962768536
-1.3727025380944802,0.5839476196543391,-0.5306154710241497,55,0.0,0.7194765289789625,410.93953083687126
0.41611301195484374,-1.32558509072008,-0.6315101068333545,55,0.0,0.9767405392327357,401.19704022115246
1.4069366039724684,0.2844325868612419,-0.41090517624273243,55,0.0,0.8490428201496433,394.0006613705133
-1.2138096840361732,1.018310633780166,-0.03989529401377301,56,0.0,0.7047737345194932,411.2919444712178
1.0112609815198774,-0.980535843282652,-0.2574646118044509,56,0.0,0.9572185809528951,379.9626540731258
1.2693798878592855,0.7520134642990984,-0.16367733826501576,56,0.0,0.8118479696240234,392.31434669673195
-1.2665314404382684,-0.7975503491399196,-0.2295565743276989,56,0.0,0.9435935927463894,398.93207229215363
0.6073972763124187,-1.4105247995045553,-0.10007629592056401,56,0.0,0.9953665381154152,404.0321514074776
-0.6839527337952299,1.299024651558128,-0.20751072986045235,56,0.0,0.8084350404927911,391.9066697749799
-0.8364654001884929,-1.177222676186015,-0.05337319749775389,56,0.0,0.9075333854053904,383.1074489587781
0.9007458471958807,1.21346299923512,-0.34886951298204905,56,0.0,0.9566788726147112,406.3702247398977
-0.4655590230832386,-1.479711127079582,-0.147846358170885,56,0.0,0.9332026672576549,407.5961158726658
0.5266661478115551,1.3389811456757998,-0.24304069544384949,56,0.0,0.779103878437988,386.4406237531232
0.20920666473066138,-1.4546634514910162,-0.015505707348920063,56,0.0,0.7837779333308259,388.9039544742585
-0.2566511394943434,1.480773570952051,-0.29856289909334394,56,0.0,0.993621958174915,402.7086958959859
1.5200016061263801,0.020195368652070844,-0.08420428642693623,56,0.0,0.9665005418192221,400.7013045949461
-1.4605054973064173,-0.1310308544274087,-0.3089021791306058,56,0.0,0.8752842806525205,395.51606064759176
-1.3750827419162546,0.3154590829108123,-0.11852618561070753,56,0.0,0.7791412715062367,376.09941216920276
1.5168326560766636,-0.38488672127159934,-0.19186507679359616,56,0.0,0.7814926861579783,410.51350211333477
0.2332244335249628,1.5481261498109826,-0.11724116899755238,56,0.0,0.8430907450086362,409.45868309469927
-0.18098545488772327,-1.404921337728145,-0.16569755272756004,56,0.0,0.8940310671286981,378.5970037473014
-0.5626800642043992,1.389538039894035,-0.07007611919608958,56,0.0,0.8858960503067038,396.0214082022956
0.4499740218216625,-1.418974648983245,-0.3055227918202449,56,0.0,0.9586465415498024,400.09469605276894
-1.4784395028947268,-0.407672654364946,-0.00232264794530807,56,0.0,0.9975087188885128,402.9815149160341
1.3976713698225902,0.3446508486010622,-0.2775986058285975,56,0.0,0.7768287918880823,388.0465821255032
1.4406744759560843,-0.11694629073059844,-0.1251641095716687,56,0.0,0.8555940621834593,384.4651841514341
-1.5455425927940247,0.014670121283377847,-0.25290048531509673,56,0.0,0.8784556050997481,408.8530872737996
1.3307498472663788,-0.7997421272291291,-0.048806515959432806,56,0.0,0.9490649532715898,406.81596370949126
-1.2223993665257595,0.6980534874114656,-0.3112449113971469,56,0.0,0.938980508613027,382.28539616258826
-1.0487989818736327,-1.0341327534899185,-0.08844684014002857,56,0.0,0.7948749814350745,390.2730879529453
1.1714089321152847,0.9905282216804225,-0.2032472679831408,56,0.0,0.9680298100225708,405.6842354534466
-0.9197654016664899,1.1828300593545327,-0.1578283614017717,56,0.0,0.9138708492529921,397.3027766387147
0.8732098070128995,-1.1921128278436606,-0.2128442335551647,56,0.0,0.8485880767498171,394.24474947125196
0.6553441410293372,1.2752042959337908,-0.028816874611935862,56,0.0,0.9805624029378939,380.46666933533425
-0.6128257900378561,-1.432405317677236,-0.27071932086435085,56,0.0,0.7377368154943729,411.008678483758
0.4681432149526205,1.4325990197960805,0.024117674884418763,57,0.0,0.9291217809018626,397.3683158007044
-1.2640476257662583,-0.7343355650769633,0.29935232402449974,57,0.0,0.8883724391860345,394.02121297841967
-1.4258536318497963,0.21303142774349892,0.1188810809325175,57,0.0,0.879003218741042,383.57012915270246
1.0734658196545632,-1.0921774303284795,0.23578860523778356,57,0.0,0.9282285779101765,405.9973578277164
-0.2240235902713502,-1.5495755433441902,0.16557841114086924,57,0.0,0.8223277201246227,410.1104876946994
1.0770802200510616,0.9046142132137536,0.16796383523004618,57,0.0,0.9405362750281844,376.46704017807565
1.3635305511582811,-0.527954901558749,0.07245830237511264,57,0.0,0.7255821990938176,387.60652506476873
-0.7959238304751926,1.282263735476695,0.27257656249893336,57,0.0,0.9964294853926523,402.8961282790629
1.3764281238718203,-0.6918655834102891,0.10760464358988056,57,0.0,0.9572129324193033,404.98590887571976
-0.39915888243670733,1.397874280463532,0.24929054275162688,57,0.0,0.7989271113430938,390.1412703158714
-0.7991847495633212,-1.184570001342521,0.0022601025424216804,57,0.0,0.9918988391290886,379.4233871530075
1.5466449397678885,0.05720261856175596,0.33647961854557895,57,0.0,0.7941057331003705,411.1621391148854
-1.2046177838379233,0.9882140951902217,0.060541284772622404,57,0.0,0.8730171102505851,407.69368266262177
0.08158802561330646,-1.4288275859319457,0.2813177866275349,57,0.0,0.7290303651485511,386.3560339018097
0.6119541937540464,1.3659340450747959,0.1336138489846303,57,0.0,0.9166333348874485,396.3734032284776
-1.4721767148141007,-0.3125923447160023,0.20056842216466894,57,0.0,0.9575189833319424,399.7192971165081
-0.00276985235831298,1.5177239653538923,0.14094104596498983,57,0.0,0.9726412478305453,400.9960336477482
1.1966825957118779,-0.8754877352422454,0.20301330811752794,57,0.0,0.9001410487199969,395.0012363289612
1.4006793808316298,0.37949440745337415,0.05122200691825907,57,0.0,0.8099737667383469,384.86665192950613
-0.7046104470111346,-1.3655037039011397,0.29627290985600857,57,0.0,0.8508337692570201,408.58862401168057
0.349134248875164,-1.540381177889528,0.019235307425457763,57,0.0,0.8069229233584323,410.8183222705378
-1.281793046662247,0.558188530658194,0.31988261672651497,57,0.0,1.0135889453757196,380.65515266322194
-1.4709935248857133,-0.13583387867663793,0.08743094474753449,57,0.0,0.8314054674517442,391.2483674977741
0.9186723955397025,1.2114289976813069,0.24393417103580958,57,0.0,0.9823223766638745,404.1096802518119
-1.1263079519303307,-1.0317950447849416,0.0702714999090816,57,0.0,0.9849133970752763,402.0076210722832
0.2680925039550702,1.4213907761354305,0.25588128525538173,57,0.0,0.7585478635118148,388.7457937443599
0.693358220093934,-1.2317143854079209,0.1545647713136181,57,0.0,0.9626055052905303,377.7404293394803
-1.47603744551952,0.4996995306833742,0.19172102188585075,57,0.0,0.835299737601159,409.4179454836994
1.3065961940645958,0.8359566771121052,0.11129927948111674,57,0.0,0.8963378115075965,407.0309566769599
-0.5007270663759891,-1.3346647633518263,0.20385611752673694,57,0.0,0.9613006391830972,382.0244051612799
-0.9946303704830879,1.1033221143391951,0.039542104458105874,57,0.0,0.8716458051709085,392.62831334456916
1.4710317544746039,-0.15558284171767509,0.3196597315036417,57,0.0,0.9450145811254149,398.66358042144105
-1.0275596325340355,-1.0556779919392887,0.47926987721482806,58,0.0,0.9295739153033639,405.6995929383946
-1.363258990617289,0.2586013311577263,0.564326104615464,58,0.0,0.9038011841080306,395.1019212007953
0.11921352351361886,-1.3807778128226642,0.3420495699544554,58,0.0,0.9858774896955305,378.6285610486322
1.0729261688519913,0.8509978879283655,0.6867016465722271,58,0.0,0.9922316219355372,402.35275284823865
-0.91861619953048,1.1317884321244416,0.4018548758498563,58,0.0,0.9416268635808891,398.17836388308393
-1.3235880097500772,-0.10057889424367902,0.6102435243931398,58,0.0,0.7055105218102974,386.57353579965184
0.2455086339469123,1.3726358110074883,0.4966376492182823,58,0.0,0.8339637113476511,391.08241473857413
1.0477950572619898,-1.0426613396085211,0.5454515317841647,58,0.0,0.8187711635024278,410.05427712209894
0.7517569332743043,1.3333549740108355,0.39552550108988654,58,0.0,0.8027840279812163,410.6942236829893
1.257887495803146,-0.3893146059413955,0.6395801606277826,58,0.0,0.7249158669941581,387.258287257173
-0.2728831103401776,1.353089741597366,0.420839902839257,58,0.0,0.9230182689562894,382.33533499786444
-1.2775443660323034,-0.5586743915291923,0.5971905899231208,58,0.0,0.953859248547473,399.20723845309317
0.5733021423379288,-1.3493574275391214,0.49250264252898707,58,0.0,0.9441506589836806,405.1956338169851
1.293882541604606,0.27585110200159696,0.517437680419418,58,0.0,0.9570818355255349,376.9708554592434
-0.43963624960115705,-1.3659066474324206,0.41365013559556274,58,0.0,0.8914477387124508,394.06080341738345
-1.2521606124062477,0.6891206682988273,0.63771443842276,58,0.0,0.8502422234318908,408.3687653243137
1.5038572167744275,-0.05292703494144824,0.4210390495615965,58,0.0,0.8577089691520445,407.9688649704461
0.8039491092322166,1.0983470276075384,0.5940062179441767,58,0.0,0.866552504844118,392.19117766102426
-1.0065790285798644,-0.8955048394656209,0.44079142294585394,58,0.0,0.9446113127801724,376.2528771872421
-0.18692043724349097,1.425470141144638,0.5489448714532338,58,0.0,0.9873906279202653,403.70070619577166
1.446463094666866,0.20927486082023783,0.4345950599868337,58,0.0,0.9739461596386838,400.8967627828327
0.8719211400399699,-1.008693460595525,0.5596605395791164,58,0.0,0.8861282244875348,383.03668307749666
-1.1640836971537567,0.8271841790338529,0.35855722940480306,58,0.0,0.7816448338116927,389.26006781525786
-0.06954462619044859,-1.4276041387380656,0.6813447994074961,58,0.0,0.7955031789839937,410.89786887123114
-1.4276753292522724,0.3937750987894857,0.5157176468639356,58,0.0,0.8408847485954205,408.86992843320485
-0.5988976745118657,-1.253955161494708,0.5017075851311025,58,0.0,0.8153397850352913,390.44877609319667
1.202694587110809,0.7218715262475093,0.37638676779336305,58,0.0,0.8069652742126618,384.54139656875265
0.49004275537541364,-1.285769441012744,0.6204189226053232,58,0.0,0.9346411672366739,397.61096483137817
-1.4021347139895057,-0.5119242452696172,0.35622009611152605,58,0.0,0.9988702152841364,402.86019494342656
-0.6784308417697861,1.096490330881721,0.6330399441067732,58,0.0,1.0062387839579265,380.75315885188996
1.2826704974620005,-0.6336864084080396,0.45292658139134656,58,0.0,0.911101060344509,395.7171366911412
0.3647505927051908,1.4000562343706615,0.574845570590252,58,0.0,0.8868748626841645,407.04422698155827
1.0692027736312457,-0.20064900932984267,0.9307020098937945,59,0.0,0.9865941205503059,378.3859527536877
-0.5657632250549304,1.2302898934293383,0.74101701646288,59,0.0,0.9718740421800663,403.9721185785163
-0.9711131272232111,-0.8150574197407103,0.9367341246470778,59,0.0,0.757057255513902,409.6843029200903
0.31366998873679036,1.1964355610078745,0.7829138452975744,59,0.0,0.7442684172741352,386.1066935977088
-1.2342067490459137,0.03185406730590187,0.8549197210598223,59,0.0,0.9187138242472692,394.9911076388332
0.694018650648992,-1.0930806622119789,0.8745774295483629,59,0.0,0.9050449734058584,407.41302219633144
0.9283926867128867,0.7223448087800566,0.9433262940861747,59,0.0,0.9325870870396131,396.35521152650944
-0.3905516631983769,-1.1877109197268638,0.7306888855841998,59,0.0,0.8672607626158997,382.35716730371
1.1369609326289951,0.13097458735750533,0.8974775644912542,59,0.0,0.7951885341929167,383.86291195596687
-0.5785026347259071,-1.172396107614205,0.7797317231132114,59,0.0,0.9643722182353449,399.5456738105531
-0.8270158574559626,0.7998162121068596,1.04725687780729,59,0.0,0.9345092338068478,406.31058346291854
0.29954173991325095,-1.287086980806756,0.6785216295916879,59,0.0,0.8807202508701426,391.22027663384677
-1.124533064261531,-0.06037978361758524,0.9587668350599989,59,0.0,0.8398180201730101,389.71042278337154
0.6588234780071812,1.2193617762669147,0.7618611225391796,59,0.0,0.7013224633724834,410.2722491459522
0.9920775217685007,-0.7290734469668172,0.9056421891002467,59,0.0,0.9778757737144147,400.8990951108552
-0.45495275695342685,1.1118262809434973,0.7641156284192572,59,0.0,0.9302221567672327,376.4735443354222
-0.7477633883059094,-0.8787547370044176,0.8222546060111053,59,0.0,0.8813090134179469,374.8141427158242
1.2390874529220235,0.33378307368925647,0.8442754263761683,59,0.0,0.9947528620522792,402.45052338245847
0.2168274670966261,-1.202884994934365,1.0066879596103473,59,0.0,0.6809227874344931,410.43650277637107
-1.1714630521844385,0.5286366404215584,0.7292363322017164,59,0.0,0.8315413151328769,389.4048987383231
0.6674821080911195,0.8896063137205689,0.9965582323012536,59,0.0,0.8996812258554121,393.0423937317556
-1.3129154461857195,-0.40643953262219584,0.7158960464990664,59,0.0,0.9533146755262004,405.1862435926385
-0.05255903600575122,1.2016528605917547,0.9314987457280554,59,0.0,0.96240075069334,399.346240953725
1.0403315425949573,-0.6868900052185094,0.754170765954695,59,0.0,0.7652710850931185,384.48287065359204
-0.7829912236798734,0.7982415786646185,0.9073636281024132,59,0.0,0.9608340320227967,380.39366188955205
1.276207207575179,-0.30646917710706656,0.7555668542990315,59,0.0,0.9473017004454446,397.81882715554156
0.13781905784411705,1.2710492007370922,0.8994250980094012,59,0.0,0.8976865248100059,407.52595793647663
-1.1221192375591131,-0.5444563762871344,0.8317157174576603,59,0.0,0.9127874930524335,394.3843211255285
0.6751981838994154,-0.9539050521076126,0.8924423480086136,59,0.0,0.7860728129209812,387.6873586384285
-1.2464411064547267,0.48437166370665924,0.8210234942082711,59,0.0,0.8336131073381949,408.5093416934674
-0.08202703573122973,-1.1522329528029471,1.0206463029258601,59,0.0,0.9785822377426455,403.53327881722225
1.1041341234856368,0.6215864302568365,0.6690955155851752,59,0.0,0.9953021707639306,378.68136765120556
-1.2269723691190195,-0.25737307041965374,-1.1229118763856778,60,0.0,0.0,309.60406876044067
-1.2204170965774974,0.7792785455665104,-0.9159112448225785,60,0.0,0.0,174.1956622544678
0.986517609999494,-0.9916653721932237,-1.0833387582405256,60,0.0,0.0,0.9671359887116205
0.023487556008550996,1.3981429034250614,-0.7587611643861358,60,0.0,0.8145973534513562,373.2993668113867
-0.4733632983398085,1.2372682698123467,-0.9426142023871236,60,0.0,0.3894758856758399,372.2856522676541
-0.6327818134236809,-1.3673860150034658,-0.875477263406614,60,0.0,0.0,34.79641146033912
1.0827452031168918,0.7793203500423542,-1.1006470378034825,60,0.0,0.0,72.33304727277586
1.36422543897108,-0.2067456680725008,-0.9284781063582084,60,0.0,0.0,346.75332393785453
1.3213081840811827,0.07801581588853465,-0.9817825812100891,60,0.0,0.0,362.6659516108551
1.1477493528974376,-0.9986845832647702,-0.7909234961980749,60,0.0,0.0,165.5080795666743
-0.6804332093971832,1.139351116925636,-1.1410336846681421,60,0.0,0.0,13.11239530797337
-0.3615329072041322,-1.352354119518046,-0.8487184877916677,60,0.0,0.0,367.9345241065223
0.14987501156172636,-1.2377811034355393,-1.006839853458445,60,0.0,0.8567286414278449,374.2587015304041
0.9316043564499031,1.1559771228340954,-0.9757888678808129,60,0.0,0.0,0.9705144328552814
-1.2402555221379064,-0.6387683538677273,-0.9685255579245612,60,0.0,0.0,254.26565988714236
-1.3864443649149165,0.426860884834057,-0.8238156406143436,60,0.0,0.0,339.5507828508172
1.2589749576256855,-0.5381014478256289,-0.9605563268611135,60,0.0,0.0,333.64528842558974
1.3782686116523584,0.541259067725403,-0.8170694587202705,60,0.0,0.0,280.0289414144213
-0.2679522365429092,-1.3494173351207117,-1.1192632087818848,60,0.0,0.0,0.9691103049975544
-0.7730309887137449,1.114014056903367,-0.8674274284702992,60,0.0,0.8823249127834469,373.7448679355623
0.652114484804161,1.030890323682382,-1.0776917229949325,60,0.0,0.32453679168793786,372.1200091507495
0.3545592134081236,-1.4624336161066924,-0.9039846349336291,60,0.0,0.0,0.9608022038081877
-1.3678046671581,0.048736763143474846,-1.0456723308789975,60,0.0,0.0,116.4912982698752
-1.0770660826626042,-0.9868887335734514,-0.7514641444817869,60,0.0,0.0,365.17065704044774
-1.0059281725775846,0.7652741634177962,-1.0743263859172518,60,0.0,0.0,352.72760317958887
-1.4330502094559925,-0.18409357444461044,-0.9628908516475342,60,0.0,0.0,52.85095859547204
0.47390230461412614,1.328061805243896,-1.0292401477827353,60,0.0,0.0,25.726967411930268
0.6226111288681647,-1.2569884080651936,-0.8082347345148481,60,0.0,0.6346624484352158,372.91106084643934
-0.8228089943431648,-0.9567335494388309,-0.9848376091126283,60,0.0,0.8499207816373725,374.1036857078912
-0.14273060135785073,1.5538251539704273,-0.8228594551231141,60,0.0,0.0,0.964745488176437
1.2139791992141586,-0.35116203832342474,-1.1454040546424489,60,0.0,0.0,223.73341454446637
1.2650117683929136,0.6841490870013569,-0.8837614755398499,60,0.0,0.0,291.6456375813804
0.7864473288750187,1.4237532243804147,-0.37807723054388387,61,0.0,0.0,337.42699370965437
-0.5743363717886608,-1.4858026581937835,-0.593415578225237,61,0.0,0.0,248.65345026043747
-1.6838439952253434,0.04036254243116202,-0.522771132939786,61,0.0,0.0,0.9587696147083392
1.145183690918154,-0.9139228588866671,-0.6390198330691499,61,0.0,0.8398176634063103,374.5568527514795
-1.1356464534210182,-1.055249728466362,-0.5183558513993969,61,0.0,0.08150326778480682,369.4527190401892
1.5637281534830647,0.1943718429938791,-0.7600572755582307,61,0.0,0.0,15.032065238813216
0.4445580889628613,-1.6116660271964267,-0.4528180230105429,61,0.0,0.0,64.85610417291258
-0.6399643154691121,1.3972853676912402,-0.6119025570845207,61,0.0,0.0,359.39707903320704
0.6361289474465364,-1.4384228769885439,-0.5016433047690136,61,0.0,0.0,361.50727945358767
-0.4357032436613362,1.5026896272686667,-0.7082685954382998,61,0.0,0.0,148.26399599050333
-1.6824000278984883,-0.1867617721282594,-0.43041151822662044,61,0.0,0.0,23.31338325495987
1.0907595460686244,1.04041999415708,-0.5885538834646996,61,0.0,0.6673694736137958,373.45298708784395
-1.211813588502684,0.9445348745784703,-0.4515962974432739,61,0.0,0.8533893421114845,374.7810996791105
1.6388124640431867,-0.05803946779879936,-0.6846750879139005,61,0.0,0.0,0.9709510078026403
0.5631595071823479,1.508147513453933,-0.5542886735509553,61,0.0,0.0,238.7703808765408
-0.7432794607536912,-1.3099866946841983,-0.755346986473417,61,0.0,0.0,302.75572376345787
-0.2256985845065389,1.565720764513737,-0.5649513656457956,61,0.0,0.0,321.58918435501425
1.040229720994547,-1.127180440818476,-0.7580021352491025,61,0.0,0.0,189.87077546836923
1.548986569084246,0.7158557030719239,-0.47936661243530737,61,0.0,0.0,0.966802357548376
-1.437640163000776,-0.36654987456764165,-0.6275214067594207,61,0.0,0.8964748134383839,374.1757434000865
1.4580204657686713,-0.5980353747353604,-0.40609892282098964,61,0.0,0.3395912058664099,372.5490573516716
-1.4300597382382767,0.7791601117198284,-0.6177260850445948,61,0.0,0.0,37.15284232072791
-1.0337403480068532,-1.280050292794703,-0.5203443304562941,61,0.0,0.0,95.78047062136808
0.0053420283305819815,1.4915048056567657,-0.6951686185658905,61,0.0,0.0,364.0998678292415
-0.06605753972237559,-1.6028741944734586,-0.43062154753765,61,0.0,0.0,349.8389042720407
0.9567589577326884,1.2805000600559326,-0.6571240739465548,61,0.0,0.0,79.21810517219922
1.4296435946402601,-0.850155343709756,-0.5619155308909602,61,0.0,0.0,0.9515986453982177
-1.3854696732109464,0.5082334830389461,-0.6931127480100125,61,0.0,0.2315495662276148,371.50355425080113
1.4662805880472398,0.4305800534113009,-0.45310457458227266,61,0.0,0.8193131359898074,374.2180533018636
-1.4934303193102387,-0.6259327069463654,-0.7136917231742274,61,0.0,0.0,0.96421403296445
-1.1600549038974381,1.1696467821819374,-0.40329328576255485,61,0.0,0.0,262.70438497510014
0.16831906040519948,-1.5649762084515948,-0.5777129084286315,61,0.0,0.0,327.91632819033634
1.6659894396474542,-0.19098931031627545,-0.07627035938305696,62,0.0,0.0,325.09570822960404
1.1314757850755355,1.2470430263073844,-0.2328329496942331,62,0.0,0.0,248.6535131187337
-1.1817676820451912,-1.2688899977436694,-0.15937925465200242,62,0.0,0.0,38.53839904957151
-1.5989973708815226,0.16465496906082183,-0.30016413601084524,62,0.0,0.0589313582028004,369.1125588564853
1.1241688972018333,1.1226827440894187,-0.13168957346373308,62,0.0,0.820503275764506,374.2854939274622
0.22744743303159318,-1.7216397965800918,-0.3859306140544224,62,0.0,0.0,0.9726996659026862
-0.24606407268212752,1.709856831105309,-0.014205101921357932,62,0.0,0.0,83.8591777882611
-1.1719588417806333,-1.1404443785048897,-0.23487457537129916,62,0.0,0.0,360.8844856079224
-0.9763019973414213,1.3249840801836963,-0.17107782734241292,62,0.0,0.0,358.65849848794676
-1.68467678844017,-0.144525493382211,-0.33692253465907646,62,0.0,0.0,105.68146205769116
1.7538612859050704,0.17076438376355857,-0.0527762139118538,62,0.0,0.0,0.9581853675359929
0.9300691989049947,-1.2973928769893819,-0.19535478772798662,62,0.0,0.8843994986966066,374.44584195575834
-0.099322965712188,-1.616402222733901,-0.039679586335864915,62,0.0,0.6058828355626664,373.2721640589194
-1.4385441664850989,0.9682130647818586,-0.27825953431815703,62,0.0,0.0,0.9520837044767524
1.3984230362166956,-0.9680893799085495,-0.11892604910601726,62,0.0,0.0,227.62010039815584
0.08198257514335079,1.6403368575338793,-0.34240000680030924,62,0.0,0.0,326.41190566398126
-1.5978923093796134,-0.46127315536814584,-0.09624693369600042,62,0.0,0.0,342.91870350584134
-0.7091352045335653,1.5172281336587865,-0.35228599595539434,62,0.0,0.0,186.5226814521512
0.723508253528663,-1.5954829078229253,-0.033610011568519484,62,0.0,0.0,7.305752484735644
1.5302022096332233,0.46346920260611985,-0.2718735146667709,62,0.0,0.5392571794424879,373.08522280128665
-1.4808653299860122,0.6208696623158133,-0.06746633499816314,62,0.0,0.8795421880307731,374.5527580000538
-0.4498254540566941,-1.6962344033266927,-0.21191866562681952,62,0.0,0.0,0.9624164843586487
0.4154868573605639,1.653966121770585,-0.18675382093651083,62,0.0,0.0,160.20771569022787
1.5006696052376005,-0.649445159806928,-0.3100143187313008,62,0.0,0.0,345.19162983438196
0.8452875736086912,1.4071262617240243,-0.010392186977754214,62,0.0,0.0,366.032540065346
1.6322397592059281,-0.5242217597892777,-0.26859471119017997,62,0.0,0.0,55.75432678228345
-1.6909582349395003,0.5189008593163575,-0.13132912250585296,62,0.0,0.0,0.9678866590763661
-0.815842057553966,-1.3233078583157663,-0.35414407886083543,62,0.0,0.8214258467397387,374.30006005747083
0.5225711108873654,-1.5391938675616266,-0.1524229059077347,62,0.0,0.15269168209239456,370.3962848800858
1.4301763400445715,0.9537863666955431,-0.29794495857954395,62,0.0,0.0,28.82372328092039
-1.4168545810786979,-0.9213864912543228,-0.09112108268891163,62,0.0,0.0,275.1714209629999
-0.5589228515765716,1.578713939247518,-0.22258291209351833,62,0.0,0.0,286.37322966866066
-1.4098075701460384,1.0300170909420718,0.15178414854219147,63,0.0,0.0,6.194417605327004
1.4791939887037442,-0.7734943182212015,0.26240001189962886,63,0.0,0.0,285.44719153056644
1.5992104496524782,0.26651243136195296,0.001215896479200763,63,0.0,0.5518348943220035,373.15038586303604
-1.5843332308628164,-0.5096746676268993,0.3062183266019788,63,0.0,0.0,276.3540125504736
0.04188535189378134,-1.7237023555774522,0.08876132321497199,63,0.0,0.0,90.46226390591805
-0.4159618682630312,1.5159085470496088,0.3519563300582621,63,0.0,0.8866373623651855,374.19276935533713
-1.1620267792056675,-1.1650931521412045,0.12924985734181085,63,0.0,0.0,361.62519825589874
0.8952954769889275,1.5020359640901846,0.23263562720714634,63,0.0,0.0,0.9647380770716958
-0.2705744124351815,-1.7561539066443008,0.04115936679102739,63,0.0,0.0,0.9708564269134303
0.47881047357882434,1.5535764425028695,0.3155377280803143,63,0.0,0.0,356.8217208292783
0.9177241612305452,-1.2890139656968091,0.16962091274398683,63,0.0,0.8162697336537335,374.09729479976005
-0.7703048519859705,1.518196730018017,0.2755913933560744,63,0.0,0.0,102.54255679219155
1.225098171004323,1.1922628317617725,0.10030103160024254,63,0.0,0.0,180.10021231781258
-1.4016492396610702,-0.8123007481667492,0.20688826309652528,63,0.0,0.1311664818615837,370.13837367634335
-1.6648670263569338,0.02002473151581026,0.04799017430461417,63,0.0,0.0,343.2891007147478
1.650763538288757,-0.43124581262514355,0.3656274034551386,63,0.0,0.0,28.18010968111313
0.07015491491022824,1.7395629944819562,0.06819413483984653,63,0.0,0.0,35.59066106113823
-0.4648971838985473,-1.5757720388876169,0.3336969998493654,63,0.0,0.0,328.1649380243383
-1.1159965579390692,1.1913919102540107,0.11355909908463467,63,0.0,0.017679752125074975,368.5683729819749
0.8242875846295645,-1.4762901328564721,0.19750151666619448,63,0.0,0.0,239.80761068738732
-1.3979213589629629,-0.9805739644233519,0.17607665199600653,63,0.0,0.0,153.52889976256668
1.4062083024485046,0.7065535042409825,0.2617794369146588,63,0.0,0.830588871521477,374.38065691815444
1.6329332999089337,-0.32015931712684814,0.0334260702330174,63,0.0,0.0,345.1397704828325
-1.6392315973708895,0.5849880506074507,0.3429750938920716,63,0.0,0.0,0.9692976297883662
1.3014564059644098,-1.189459621429669,0.13149407665446747,63,0.0,0.0,0.9665718757522692
-1.4295127272484927,0.7753042397646075,0.2224550312972307,63,0.0,0.0,366.1332765269498
-1.6036872936994833,-0.04498296925758775,0.07759539977920295,63,0.0,0.8697599181684563,374.6604936417387
1.6283559807193517,0.458752279768702,0.3849398419648268,63,0.0,0.0,56.56891686722656
-0.3068757526442208,1.6736733462401074,0.018243540175461825,63,0.0,0.0,242.15080394710031
0.5176340395871838,-1.508756149529147,0.2770912281360862,63,0.0,0.6328969942902579,373.38026654603806
0.9432752044785343,1.3804551909138338,0.16437707600312484,63,0.0,0.0,320.62612435369647
-0.760358267165865,-1.5607767876727037,0.2524333441300108,63,0.0,0.0,1.001215968291892
-0.26444908896772157,-1.6697040054924095,0.45807993659181356,64,0.0,0.0,9.33977769453243
-1.136917770722101,1.0786730931553126,0.6094785429608699,64,0.0,0.0,315.09415371765425
1.5001422336333838,-0.38392888911080064,0.4753140527260747,64,0.0,0.603642682744631,373.2459106100592
0.6718618733559538,1.3557881077595442,0.7634512793421133,64,0.0,0.0,266.980545316515
-0.6924517486883341,1.4620497928973246,0.5777909552920889,64,0.0,0.0,145.72138447731663
-1.4041773595006706,-0.37212330810748656,0.6516829486176725,64,0.0,0.8189208619724053,374.01156551506705
1.1816330995513296,1.088959551909736,0.4128648448425456,64,0.0,0.0,352.5296091168179
0.27577121461687787,-1.6215646885767223,0.6693088699231414,64,0.0,0.0,0.9701477245943145
1.6008007519005232,0.5103257458046542,0.5254128687649124,64,0.0,0.0,0.9630796933921739
0.7034954843308467,-1.3084729257711196,0.696236391855768,64,0.0,0.0,366.45784826287365
-0.028658083599496273,1.5411592951947315,0.4398115393518842,64,0.0,0.8580102428815594,374.83223271398583
-1.3432900736753897,-0.9114905797775992,0.5916630580232254,64,0.0,0.0,82.11318948480279
1.3561163402296885,-0.9522100061970549,0.3958421104252377,64,0.0,0.0,234.96620576828494
0.017671573751524873,1.5020279951174502,0.6289745787204459,64,0.0,0.2963081414231725,372.391660648655
-0.7683050236674451,-1.3851345857587833,0.5234733654211713,64,0.0,0.0,339.74130008533905
-1.5162824260626215,0.46659296165899594,0.714801858203825,64,0.0,0.0,42.077480071596156
1.0158397264005645,-1.3083354933470663,0.5572758060178239,64,0.0,0.0,20.349193036857532
1.5189330879552083,0.0906436883809141,0.7038889404739407,64,0.0,0.0,328.04567191731
-1.3495961489691048,-0.8411305220924689,0.38945162748666884,64,0.0,0.0,368.1210568651745
-0.5386564758194966,1.4773673501187972,0.6757873604608136,64,0.0,0.0,185.61988557486958
0.5820593763566171,1.5631866591241925,0.4846547093522468,64,0.0,0.0,50.74683080347077
1.2943640284023983,-0.7782436549470694,0.5678412006435143,64,0.0,0.825083180179222,373.8594114456022
-1.568606443019377,0.10949985431819195,0.5025316916635593,64,0.0,0.0,361.5193436511754
-0.9617189352721922,-1.2727403195807938,0.7652730908641536,64,0.0,0.0,0.9671585721157625
-1.592271117299943,0.6628619273219443,0.43185304019344034,64,0.0,0.0,0.9711442736711754
-0.3235277498849145,-1.5103080708540688,0.6127203629243257,64,0.0,0.0,348.9093856051155
0.9618205960424528,1.1570806680948502,0.5290627042531129,64,0.0,0.8290860040442891,374.22497894031756
1.5657935097236722,-0.18490130027946353,0.6877621600240306,64,0.0,0.0,130.90290018054412
-1.617199412340603,-0.17704712284517193,0.48911608226056474,64,0.0,0.0,252.5709853335899
-0.9510727935805574,1.1036562209929446,0.7175946151304236,64,0.0,0.4534886967900556,372.8299090344194
0.3230805275319156,-1.596752411738552,0.4322559342370719,64,0.0,0.0,300.8223668822063
1.506520536530582,0.6529580582342969,0.6202948064433528,64,0.0,0.0,0.9606860077126641
-0.31961771001009537,-1.242686784225463,0.9915926273265632,65,0.0,0.5183462591473155,372.65012646610995
-1.5399995802872604,0.03165905053781628,0.8483050309847634,65,0.0,0.0,0.9632792513613337
0.8178107164024074,-1.068437741127023,1.090987368921597,65,0.0,0.0,64.45524519974231
1.2883098081843039,0.5350183030314869,0.886820925991841,65,0.0,0.0,360.26539246997777
-0.8247174633688253,0.9418372044410636,1.1244273427594345,65,0.0,0.0,310.78681232433655
-1.1864642617453456,-0.7866749405196481,0.9123790778582919,65,0.0,0.0,281.32856596853617
0.4733967935105885,1.3681320644707582,1.0101283996574402,65,0.0,0.0,0.9681109713759767
1.3858698685032278,-0.24118503793847393,0.7664603327734586,65,0.0,0.8616721303674028,374.1742758831319
0.8139867504560331,0.905394566606783,1.0187026071750038,65,0.0,0.8707320241399825,372.9843678214869
1.285546489286493,-0.8254420212707098,0.9047440579020639,65,0.0,0.0,0.975374970361993
-0.42782485832591133,1.2909226006938925,1.0259809193004736,65,0.0,0.0,235.27261909299813
-1.417320345813372,-0.2681456211547713,0.8438726644284604,65,0.0,0.0,335.5127861704006
0.3554614223487434,-1.3025646023113953,0.9739688014992177,65,0.0,0.0,344.37666265502133
1.533852318148716,0.011338087137721239,0.7781782591935292,65,0.0,0.0,131.86726164825663
-0.7829835940020305,-1.0546065141039198,1.1532951670453,65,0.0,0.0,19.43219108034866
-1.2414274982391507,0.5348277082748052,0.9206867895450002,65,0.0,0.047235437707183164,368.6745044006779
0.9911043989084247,-0.7399485598248874,1.0636714849752944,65,0.0,0.1890716772736576,370.67910339740075
0.5770048065038735,1.3268497060447533,0.9646675959402727,65,0.0,0.0,45.13498243659158
-1.3336279291845765,-0.36889272011069774,1.0182835863006268,65,0.0,0.0,144.55865721522835
-0.014850366869131083,1.4698884540739137,0.7627028234789026,65,0.0,0.0,356.6264247588384
1.2744600303629856,0.42721045804693547,0.9971102592646318,65,0.0,0.0,332.1039189140192
0.27961994340432916,-1.4566197663881084,0.8538932924652946,65,0.0,0.0,186.3444941930552
-1.004954116015129,0.9084674994288067,1.152724349755112,65,0.0,0.0,0.9776623816940836
-0.7441913819279234,-1.1502009126920576,0.824053310609726,65,0.0,0.8637084476351415,373.9068301057561
-1.254156869676502,0.4388591907616445,0.9116584503082575,65,0.0,0.8557624010504282,373.562670020198
-0.27118175444245124,-1.5337630330141847,0.8348771202121186,65,0.0,0.0,0.9694628432251665
0.9422735790697507,0.8295045050890012,1.1470708468546205,65,0.0,0.0,246.36341226177927
0.7852676268704143,-1.1755643868621088,0.9200974260238761,65,0.0,0.0,296.14260730032197
-1.0190626964739196,-0.7843885970409216,1.0216882423039348,65,0.0,0.0,365.34137508636996
-0.5676983225143107,1.3536448507134704,0.9133076002366237,65,0.0,0.0,75.73674804084757
1.3303657080716302,-0.34706381970487515,1.084053110822643,65,0.0,0.0,11.125955837942382
0.03274333594716362,1.4103692279310995,0.7941182169937331,65,0.0,0.611075659390715,372.8937422294781
-0.9254830810250821,1.1748901236076543,-1.2300654869309986,66,0.0,0.0,0.9946183731569928
0.5250306321708766,-1.452374219107812,-1.0242357963312243,66,0.0,0.0,0.9543878871457371
1.293911409203413,0.5822299325963111,-1.1079261852447546,66,0.0,0.0,0.7330653834457952
-1.7602153760001629,-0.1828183720005201,-0.9072368035908713,66,0.0,0.0,0.9821015942534204
1.4895338127942699,-0.5646526723003413,-1.1589864274736899,66,0.0,0.0,0.9611914204539276
-1.245579997361468,1.0123640601095913,-0.893570285546919,66,0.0,0.0,0.9127690302977022
-0.16673207889282235,-1.3979101737511253,-1.2372050763183424,66,0.0,0.0,0.9372459398669425
0.6880203497034961,1.4681153067053991,-0.9970108037369378,66,0.0,0.0,0.9101597107421227
-0.5980311593299762,-1.4024836639183613,-1.1618510290892552,66,0.0,0.0,0.9538646925073918
0.21962407138438175,1.6536357672064859,-0.8854484166588036,66,0.0,0.0,0.9229286350437179
1.1116525841713107,-0.8446969169210197,-1.1716741977822691,66,0.0,0.0,0.8344038124616875
-1.5286659395282995,0.6093409331428508,-1.0607186545251386,66,0.0,0.0,0.9485653934857001
1.447102095806621,0.19661060221439391,-1.3322764130513933,66,0.0,0.0,0.9683067516511655
-1.4069255605620892,-0.6052345113452978,-0.9171167919213449,66,0.0,0.0,0.8831852983715613
-0.5696608805001779,1.4161704162123865,-1.0764579440038775,66,0.0,0.0,0.9447013232894226
1.0290599569283205,-1.3460203846054257,-0.9643826961568931,66,0.0,0.0,0.9621539633058073
0.36522219297661684,1.5517834378856241,-1.1101459242681828,66,0.0,0.0,0.9793266898469715
-1.0318840011156933,-1.2321317718276155,-0.9354689109731765,66,0.0,0.0,0.9543744658548563
-1.334091755708973,0.11482962088716002,-1.1912805288899853,66,0.0,0.0,0.8125387282245433
1.442932968928309,-0.8865719249123627,-1.029563609513419,66,0.0,0.0,0.973828438744871
-1.148572807496608,-0.9676830325310188,-1.244275010390861,66,0.0,0.0,0.9601928820234228
1.4740109500914726,0.3518087682492657,-0.9983855881905929,66,0.0,0.0,0.7691886317525887
0.7997584963665676,-1.292379740078228,-1.1305567857554584,66,0.0,0.0,0.9180709409516352
-0.1502104753749478,1.6859921745072055,-0.9126263963425876,66,0.0,0.0,0.9783557695978715
0.07654315368052132,-1.4401322507931034,-1.2510203652563132,66,0.0,0.0,0.9229230558342326
-0.8564412915420416,1.3419208773865645,-1.0007304389577238,66,0.0,0.0,0.9300540697723507
-1.4606423196309095,-0.29938582657119317,-1.0589880141393921,66,0.0,0.0,0.8849699214715805
1.288582029889737,1.122263340821819,-0.9660524723330071,66,0.0,0.0,0.9538681697759452
-1.317973776135348,0.8700324717236845,-1.2176070355329718,66,0.0,0.0,0.9887874829730551
1.5961294114948121,-0.10922037781392817,-0.8393375832713375,66,0.0,0.0,0.7028853376047386
0.9615434966851127,1.0705877176732548,-1.1549778029849038,66,0.0,0.0,0.9337887126976012
-0.34551211957931405,-1.562475290488383,-1.0772703359560283,66,0.0,0.0,1.002436485572021
1.724194265740419,0.08183104145128638,-0.5214235773891162,67,0.0,0.0,0.06019117268685395
1.564551421365892,-0.9547997749341217,-0.790705259442017,67,0.0,0.0,0.9827346405391354
-0.8309429061235553,1.6704346263426737,-0.5391713667012172,67,0.0,0.0,0.9766169812538521
-0.22861969449115924,-1.698885654484968,-0.733781330700058,67,0.0,0.0,0.9443001461682223
0.3719891755657929,-1.7833373995187127,-0.4582513130111518,67,0.0,0.0,0.9398263990033475
1.2531004406243125,1.2614257412125884,-0.6768348210332134,67,0.0,0.0,0.8915398333332756
-1.4561630631874987,-1.1510481828916912,-0.6245569213004697,67,0.0,0.0,0.9381937387156042
-1.5539077242530317,0.5129253932208899,-0.7930273041398795,67,0.0,0.0,0.490195990330237
-1.637236972172146,-0.6676273597295008,-0.4741757122193047,67,0.0,0.0,0.9062681663299983
-1.5092453553059237,1.034402487507535,-0.7280658840535884,67,0.0,0.0,0.9526080085363167
1.187814166682199,-1.383802141279416,-0.5823411385152082,67,0.0,0.0,0.929578028182728
0.4713600737053731,1.6472205450960455,-0.8007169601566503,67,0.0,0.0,0.9158368399393354
-0.2681282603226636,1.724513864105598,-0.6107191316079905,67,0.0,0.0,0.9371008551761416
-0.7390989178769071,-1.56684633166236,-0.8459728964725226,67,0.0,0.0,0.9972200390962692
1.66585982251815,0.9659463528080852,-0.4677413818971453,67,0.0,0.0,0.9689157632652762
1.6692771234631196,-0.11625796447810463,-0.6241616503619327,67,0.0,0.0,0.7078881506517035
-1.461720007221696,0.9557782278033848,-0.41585027689206966,67,0.0,0.0,0.3563882524516096
-1.8594737178241276,-0.006728586837234882,-0.6718367040278862,67,0.0,0.0,0.9631279150859089
0.21082726392732468,1.8119754264572459,-0.6479867412750084,67,0.0,0.0,0.9952806506509866
0.7417935134827373,-1.471686857629731,-0.8270153851438162,67,0.0,0.0,0.9285954784636489
-1.2102568221711105,-1.3295678132906257,-0.5687181152289496,67,0.0,0.0,0.9276424558654033
-0.41206719229130373,1.7031636681979647,-0.7922164230839748,67,0.0,0.0,0.9728620694036514
1.7971781653729428,-0.6041259418468214,-0.5141128380659991,67,0.0,0.0,0.9462543905917598
1.3523718163035212,1.0313999524509576,-0.701374085073965,67,0.0,0.0,0.921565828933197
1.3983277026503813,-1.0205654223816072,-0.5734523198182968,67,0.0,0.0,0.6787738522174611
1.6605772358274717,0.5965940000883205,-0.8317195837264867,67,0.0,0.0,0.950457170821092
-0.47365969146383513,-1.7859239641671998,-0.473655140680148,67,0.0,0.0,0.8946619895055726
-1.1426879508425765,1.3130559475472066,-0.6833112213974947,67,0.0,0.0,0.9425800297759235
0.692644435487309,1.6443201864284491,-0.5103063110834662,67,0.0,0.0,0.9471667119685877
0.32997385962154147,-1.7687507723906823,-0.7437962569604587,67,0.0,0.0,0.9617875536935395
-1.8960647353769835,0.14540672109629466,-0.5801303837323332,67,0.0,0.0,0.9751090922537895
-1.4446258282399986,-0.8015868669803693,-0.7373858583843761,67,0.0,0.0,0.1593431169801477
-0.6999964391657401,1.7426903309389488,-0.4326584000520894,68,0.0,0.0,0.993607771925955
1.0702231136905511,-1.4524379186274685,-0.0276369626389296,68,0.0,0.0,0.015465830508245152
1.3060132009279952,1.3504747467988985,-0.25497788587211356,68,0.0,0.0,0.9057358271198394
-0.4273553470583331,-1.9022081913179716,-0.20651737381570537,68,0.0,0.0,0.9410098127423039
1.9175138107904726,-0.4230222308905287,-0.2889360998288924,68,0.0,0.0,0.9718834616544334
-1.3656223381665809,1.270732559334709,-0.12506609018744327,68,0.0,0.0,0.9427045336687144
-1.5006393362395498,-1.0040155740006418,-0.31533263311563414,68,0.0,0.0,0.9100584746204211
1.7837644425959935,0.6549154909457064,-0.07685166758592606,68,0.0,0.0,0.8931919117749525
-1.885035558704973,-0.23999494495472468,-0.22535026853394488,68,0.0,0.0,0.9254103827602878
1.602146685122607,0.8298149609091524,-0.1699882873971763,68,0.0,0.0,0.26990766236651575
1.554827837513408,-0.9299624329940466,-0.37123771624790824,68,0.0,0.0,0.937698245291014
-1.9878912122050314,0.17852225205289218,-0.02167837709150892,68,0.0,0.0,0.9825851724267209
0.11853351969872096,1.9293876453601162,-0.3896420622899207,68,0.0,0.0,0.9561633697702772
-0.891494630677171,-1.649746507367601,-0.08095309141152802,68,0.0,0.0,0.9403160872718266
-0.7764891397411852,1.578086699526086,-0.29246890753476434,68,0.0,0.0,0.8210971079707419
0.23396018913716687,-1.9194779554966792,-0.14863841006561676,68,0.0,0.0,0.9846396068966098
1.4668215545320487,1.2455755597821998,-0.308437978884414,68,0.0,0.0,0.955917015578483
-1.7238486965310162,-0.47695097034655076,-0.14638343821970182,68,0.0,0.0,0.3826087294164753
-1.7546524176627452,0.5531920652762019,-0.3526589530075948,68,0.0,0.0,0.9415055471825684
1.5755433306708084,-1.1764817461971928,-0.10150359290579145,68,0.0,0.0,0.9522220535749469
-1.2358568794934441,-1.508197181923733,-0.41109819310790213,68,0.0,0.0,0.9794715646145122
0.6072573273446935,1.7432463186424172,-0.01137761123380643,68,0.0,0.0,0.9321032833865391
0.4887717730189099,-1.7410781473956616,-0.23130727807479948,68,0.0,0.0,0.6593794031359224
-1.2683751336238358,1.4369640752101747,-0.1646536455982987,68,0.0,0.0,0.976212591940677
0.9651641866359713,-1.6074216068633955,-0.3366898626084115,68,0.0,0.0,0.8863786701168963
-0.015545760550962831,1.8355238379455314,-0.0640241514574884,68,0.0,0.0,0.9164917475663272
-0.3068511288436277,-1.8109157296750027,-0.2858474606382097,68,0.0,0.0,0.9461801754763204
0.7782508741853413,1.8122713575735636,-0.11414724015791945,68,0.0,0.0,0.9610986513339955
-1.7611407929629048,0.7999386517143059,-0.25275445188491064,68,0.0,0.0,0.9502983301096968
1.846146779546524,-0.32315229443464205,-0.20955929788766164,68,0.0,0.0,0.927250492351894
1.7639434480086176,0.06524105141414321,-0.39062327729473206,68,0.0,0.0,0.11081107769998144
-1.609565331973228,-1.065215196874136,-0.04759140419570415,68,0.0,0.0,1.0108762554655266
1.8602399454592025,-0.4570124993093953,0.40456432663250325,69,0.0,0.0,0.948508232454125
1.7462894988787205,0.7143402359997726,0.01831681979623546,69,0.0,0.0,0.9244447932558788
-1.7655519115533977,-0.3338477410439452,0.30511616966672217,69,0.0,0.0,0.8335444419259351
-1.903891296859917,0.07596995308489739,0.15619540890681805,69,0.0,0.0,0.9334699694017323
0.022366246743229894,1.919991100805737,0.2481314121385983,69,0.0,0.0,0.995587290190524
0.2840817354464505,-1.770134723047314,0.1782627036064187,69,0.0,0.0,0.718750888669323
-0.6230237567479239,1.7139692824452406,0.32478655827784786,69,0.0,0.0,0.9524504943319896
-0.3986489861171558,-1.9511115951733302,0.06953277061241567,69,0.0,0.0,0.9869465995282374
-1.1536840917122995,1.5857246099023625,0.30190803282995265,69,0.0,0.0,0.9764843887858757
-1.2981163033360903,-1.3215136318734382,0.126652795871961,69,0.0,0.0,0.9576811917648959
0.9677073654055924,1.453823149250813,0.3983188688197957,69,0.0,0.0,0.8220746496474551
0.8264673384947538,-1.7547562899165945,0.04601020443075214,69,0.0,0.0,0.98540538136395
-1.729542520871735,-0.7182742839639735,0.36269076149189267,69,0.0,0.0,0.9165202450186858
-1.5690280838606934,0.9427134838006345,0.08787134763106831,69,0.0,0.0,0.9010939395689831
1.3775961563931132,-1.2651148155239051,0.21415453058621559,69,0.0,0.0,0.9281138433645486
1.6216227478525391,1.0995552756283606,0.16965758458000155,69,0.0,0.0,0.9576606706054087
-0.8596143607484076,-1.7569260761040157,0.24753884177956625,69,0.0,0.0,0.9628341164013197
-0.8990231488224641,1.6302179640454129,0.18388957837528394,69,0.0,0.0,0.9413000531460711
1.1691547830747115,-1.3702022838665462,0.3528207523366561,69,0.0,0.0,0.9085660623550176
1.1591180428486212,1.5026255569030296,0.09552092150092452,69,0.0,0.0,0.9129336491539509
-1.4943993312127732,1.174525836632265,0.4215662001338892,69,0.0,0.0,0.968722734668966
-1.3497441856425005,-1.1718638298625919,0.03232420736997459,69,0.0,0.0,0.8572587580393044
1.5990564032025578,0.9282913874978744,0.26845115871853376,69,0.0,0.0,0.9440872685005331
1.7549944643011124,-0.9064128040883919,0.11859097118094893,69,0.0,0.0,0.9703982701666573
1.9585924460735442,0.1434883103703673,0.35225270127598046,69,0.0,0.0,0.9900712110769648
1.8297039029938713,-0.22433671636072836,0.06700821667475851,69,0.0,0.0,0.9323395169189971
-1.702973786758044,0.5494312033548089,0.2545790250510926,69,0.0,0.0,0.7091616974996461
-1.8470043037481327,-0.4969669651006011,0.21528449170846914,69,0.0,0.0,0.985347910886307
0.5209557123097719,-1.8258109733669572,0.30386064289763465,69,0.0,0.0,0.9776198051251316
0.5817287943957897,1.7156753211495481,0.1317953138424256,69,0.0,0.0,0.7829290249350125
-0.2325270342257651,-1.8402754936354042,0.38192612860252106,69,0.0,0.0,0.9184058793088167
-0.1490824321123694,1.9490610245014328,0.009730644849324666,69,0.0,0.0,0.949190339877268
-0.6990742826481239,1.7002817279159246,0.662947595552368,70,0.0,0.0,0.9504583576941571
1.0703758683584137,-1.3448801011286295,0.5470017865609443,70,0.0,0.0,0.6972344337638667
0.23083927625615552,1.6881748179666634,0.7907138639981522,70,0.0,0.0,0.9323072053675203
-0.7678628625180004,-1.7258474115685183,0.4583871436871075,70,0.0,0.0,0.9764918187957711
1.7030760939838745,-0.25312312386869984,0.8186234181031076,70,0.0,0.0,0.9122261630683373
-1.6125343898349769,0.7881467665356203,0.5021453468212551,70,0.0,0.0,0.949479798907595
-1.5949825422842947,-0.5024687177802069,0.7085785987757954,70,0.0,0.0,0.7811355341232875
1.5442967980506939,1.0823239152313813,0.6432673948054216,70,0.0,0.0,0.9867861012069685
-1.5660325528604768,-0.9224410893963759,0.7960785245871036,70,0.0,0.0,0.9766198857714147
1.7801840767837587,0.05310782447613874,0.44271232269461946,70,0.0,0.0,0.9078676163066514
1.2201049326506723,-1.2121713385654873,0.6675874222009014,70,0.0,0.0,0.9330801817359212
-1.7602464406573388,0.5036705261291359,0.5643114976445591,70,0.0,0.0,0.9497956097271946
1.1490291727716573,1.3766710578025412,0.7086294684603998,70,0.0,0.0,0.99873359957706
-0.38285449722901266,-1.741310241047793,0.6265669347220044,70,0.0,0.0,0.9218851145409924
-0.8308608683947446,1.3683826802211065,0.8047308725440105,70,0.0,0.0,0.8174005143101037
0.1274759455009406,-1.8949778362820968,0.5198726369401774,70,0.0,0.0,0.9603085995605348
1.6550521638919728,0.615348644978825,0.8679805401307499,70,0.0,0.0,0.9586616471790693
-1.3852742071241573,-1.0290370953346557,0.4604706312442434,70,0.0,0.0,0.8745544612781504
-1.7362387342458396,0.21094934836194196,0.7202413353796159,70,0.0,0.0,0.9204109335703993
1.6771050234007185,-0.7147772128758535,0.6426820607267062,70,0.0,0.0,1.0031625495068899
-0.3235133971249423,-1.7614041525449224,0.6854351065390163,70,0.0,0.0,0.9565000459772535
0.8315131738387063,1.5665841285836912,0.5271035776096975,70,0.0,0.0,0.9469253487766799
0.5278561354299539,-1.592027916450562,0.7403366015660766,70,0.0,0.0,0.9032166533221166
-1.1238261206244713,1.5509195570003254,0.5002281154360144,70,0.0,0.0,0.9711652864367776
0.9000775664646524,-1.604477904347222,0.7691969408570613,70,0.0,0.0,0.988656715610991
-0.013844422020426708,1.7300318443672258,0.5705156037356336,70,0.0,0.0,0.8267002255517141
-1.1497002206844724,-1.2240010675878135,0.8043745631216095,70,0.0,0.0,0.9515502082386916
0.45404760911375147,1.7675116707721366,0.5340789301952558,70,0.0,0.0,0.9118113408033075
-1.3338207887137907,1.1617778326574677,0.8020467987843106,70,0.0,0.0,0.9804502506201211
1.7716253325737428,-0.43029568217383035,0.4301516734556825,70,0.0,0.0,0.9384299979779108
1.4192593500745943,0.9171089972342583,0.6364654792329886,70,0.0,0.0,0.6947570588863528
-1.857882159382487,-0.17597240145581722,0.5959005977335365,70,0.0,0.0,0.9497768402411334
1.2171990071418168,0.7869376788738219,1.295107852856225,71,0.0,0.0,0.9716805866358551
1.435030916820338,-0.5081976699465638,0.9682629776254847,71,0.0,0.0,0.02167890630408898
-0.14981097708025257,1.480152330470638,1.0994210121071066,71,0.0,0.0,0.9353322486136262
-1.1738668202354179,-1.2558568616654182,0.9828491069979471,71,0.0,0.0,0.9723727815827454
0.40920278664064763,-1.5381971294313743,1.156620883754169,71,0.0,0.0,0.9546550025800005
0.6494789887042288,1.5495566877913196,0.8699470098349639,71,0.0,0.0,0.9157476953961974
-1.1381866614639842,-0.8403943921494959,1.1439253884169271,71,0.0,0.0,0.5247162576206525
-1.6062304592627636,0.1317915335897547,1.0140000755773875,71,0.0,0.0,0.902975230002858
-1.4399302259379703,-0.47155349223342247,1.1818784431342146,71,0.0,0.0,0.9694147295807349
-1.360272687843788,0.8311363056175136,0.8975480556176497,71,0.0,0.0,0.8822611089592877
0.9907008061912232,-1.0101030203047678,1.2392838672622393,71,0.0,0.0,0.9275746401547232
0.20416152166794943,1.6059559513697326,1.0916217653984033,71,0.0,0.0,0.9474394181108734
-0.6239758427279501,1.401422506822671,1.2680773523979407,71,0.0,0.0,0.9837086458573593
-0.4535639031477391,-1.539175417011866,0.9536693621629635,71,0.0,0.0,0.9368556137379929
1.4659598766068025,0.08767805967965375,1.0132467595761945,71,0.0,0.0,0.7696938826555844
1.4034452594619378,-0.9794170712385112,0.9026248487612771,71,0.0,0.0,0.9961992027055576
-1.2845961498696532,0.9079535700247248,1.111473768358931,71,0.0,0.0,0.9884231099149421
-1.5687619593132924,-0.14202787622917015,0.8599873939207705,71,0.0,0.0,0.3788868628958881
0.35818663242993004,1.3676644177681638,1.2065242731407246,71,0.0,0.0,0.9419364290604693
0.6850482696065318,-1.56336859420876,1.0374760618997596,71,0.0,0.0,0.9914944454372586
-0.17761371905138812,-1.47227503858874,1.2817906123392169,71,0.0,0.0,0.9442472678401005
-1.0534497862836232,1.1426772647260117,1.0440867153260631,71,0.0,0.0,0.9332295672802524
1.215751599585974,-0.7953170588558836,1.1270215772573904,71,0.0,0.0,0.9165903159190262
1.5865595900856722,0.530600186310558,0.9277882369739971,71,0.0,0.0,0.9330114270843757
1.4806530779145117,-0.09428743962935499,1.1929780433936301,71,0.0,0.0,0.9032870362428009
1.2821705162496257,0.8644747947762355,0.9586890772751855,71,0.0,0.0,0.5253633779632076
-0.6531534044926124,-1.388744654465506,1.1008880314202016,71,0.0,0.0,0.9192717120710677
-0.4808909392858795,1.6839793523456243,0.9031977786456413,71,0.0,0.0,0.9587654588440796
1.097991475712749,1.1316600248481108,1.202314243964602,71,0.0,0.0,0.9755825285720902
0.22891069487219176,-1.5778798118442539,0.9324525317242127,71,0.0,0.0,0.9305971860946891
-1.2725904943113098,0.38985394027784304,1.2191450499030412,71,0.0,0.0,0.00580562588552358
-1.3797406344415957,-0.8561257943962719,1.0675547758779576,71,0.0,0.0,0.9729853097597869
